word_count	path	year_folder
468	DES, 10 2006-Déwasa Guyu.txt	2006
635	DES, 10 2006-LACUR.txt	2006
586	DES, 10 2006-Masiat Sampian.txt	2006
193	DES, 10 2006-Ngawé Leluhur Garjita.txt	2006
582	DES, 17 2006-GUMATAT-GUMITIT.txt	2006
706	DES, 17 2006-Karauhan Peyote.txt	2006
627	DES, 17 2006-Karauhan, Karauhang, lan Karauhin.txt	2006
514	DES, 17 2006-Karauhan, Sira Sané Rauh.txt	2006
703	DES, 17 2006-Karauhan_Ngrereh Pabuktian.txt	2006
678	DES, 17 2006-KELIR.txt	2006
861	DES, 17 2006-MANYONYO.txt	2006
480	DES, 3 2006-Dagang Aluh.txt	2006
673	DES, 3 2006-Midabdabin  Basa Bali.txt	2006
630	DES, 3 2006-PANGALU.txt	2006
189	DES, 31 2006-Dumadak Cening Kasaraswatén.txt	2006
186	DES, 31 2006-Kautaman Ibu Pertiwi.txt	2006
705	DES, 31 2006-Léak Bajang.txt	2006
485	DES, 31 2006-Tenung Inguh.txt	2006
496	DES, 31 2006-TENUNG.txt	2006
1166	APR, 1 2007-KIDANG EMAS.txt	2007
441	APR, 1 2007-Mabrayutan.txt	2007
508	APR, 1 2007-Solah Soléh.txt	2007
262	APR, 15 2007-Anutné Kebaya Matimpal Wastra.txt	2007
265	APR, 15 2007-Jejeh Sawahé Ical.txt	2007
242	APR, 15 2007-Juara I Lomba Nulis Bali.txt	2007
615	APR, 15 2007-KE(L)BAYA(H).txt	2007
492	APR, 15 2007-Mih, Kebayané  Ka-Baya-baya.txt	2007
389	APR, 15 2007-Nyrangcang.txt	2007
401	APR, 15 2007-Pacentokan Dharma Gita Radio Global.txt	2007
278	APR, 15 2007-Pragina Sujati, nénten Jaruh.txt	2007
371	APR, 15 2007-T O N G O S.txt	2007
273	APR, 29 2007-Berjuang tan pamerih.txt	2007
273	APR, 29 2007-Dalang Swagina Pingit.txt	2007
673	APR, 29 2007-Ngundang Gamang.txt	2007
298	APR, 29 2007-Pakaryan Pandé Méweh lan Ketil.txt	2007
247	APR, 29 2007-Pecah Rékor.txt	2007
499	APR, 29 2007-Saking Pandé Besi Ngantos Pandé Komputer.txt	2007
330	APR, 29 2007-Tumpek Landep lan Konsép Téknologi.txt	2007
282	APR, 8 2007-Disiplin ring geria miwah ring sekolah.txt	2007
766	APR, 8 2007-Léak Jegég.txt	2007
1028	APR, 8 2007-Mangku Barong.txt	2007
315	APR, 8 2007-Ngaptiang Muséum Sosrobahu ring Ubud.txt	2007
205	APR, 8 2007-Ngutsahayang Bibit Duren Kani.txt	2007
426	APR, 8 2007-NYAPLIR.txt	2007
607	APR, 8 2007-Pocol Dueg.txt	2007
619	AUG, 12 2007-Independence Day.txt	2007
541	AUG, 12 2007-Magantung Bok Akatih.txt	2007
359	AUG, 12 2007-Sekaa Shanti Dharma Guna.txt	2007
585	AUG, 19 2007-Bangkung Téngésan.txt	2007
472	AUG, 19 2007-Numbas Banten.txt	2007
213	AUG, 19 2007-Panonton tan Kayun sané Ngametuang Sungsut.txt	2007
935	AUG, 26 2007-Mare Teka.txt	2007
680	AUG, 26 2007-Pasih Kampih.txt	2007
577	AUG, 26 2007-Segara Wukir.txt	2007
724	DES, 16 2007-Bangké Matah.txt	2007
628	DES, 16 2007-Film lan Pilem.txt	2007
300	DES, 16 2007-Galah Embang Kaanggén Malajah.txt	2007
602	DES, 16 2007-Krama Désa Makarya Film.txt	2007
365	DES, 16 2007-Makarya 'Video', Nangiang Krama.txt	2007
469	DES, 23 2007-Anak Istri, Becik ring Pustakané, Kaon ring Kauripané.txt	2007
742	DES, 23 2007-Satua I Raré Angon (1).txt	2007
285	DES, 23 2007-Sloka Manawa Dharmasastra.txt	2007
406	DES, 30 2007-Geguritan I Ketut Bongkling.txt	2007
397	DES, 30 2007-Gelek-gelek.txt	2007
1396	DES, 30 2007-Luh Jalir.txt	2007
525	DES, 30 2007-Mapatén-paténan.txt	2007
568	DES, 30 2007-Ngebutin Patén, Nincapang Géngsi.txt	2007
395	DES, 30 2007-Nyiwi pertiwi.txt	2007
402	DES, 30 2007-Patén, Napi Pentingné.txt	2007
775	DES, 30 2007-Satua I Raré Angon.txt	2007
998	DES, 9 2007-Lurah Métropolitan.txt	2007
463	DES, 9 2007-Ngulati Kepemimpinan Panca Pandawa .txt	2007
451	DES, 9 2007-Nitah Tanah Bali.txt	2007
737	DES, 9 2007-Pemimpin.txt	2007
465	DES, 9 2007-Sampunang Milih Pemimpin sangkaning Jinah.txt	2007
411	DES, 9 2007-Sira mangkin.txt	2007
612	FEB, 11 2007-Buang Jaruh.txt	2007
712	FEB, 11 2007-Joged Jaruh, kadi Penyakit Kronis.txt	2007
225	FEB, 11 2007-Ngégol ka Samping.txt	2007
205	FEB, 11 2007-Tan Ulap ring Kuasa.txt	2007
186	FEB, 11 2007-Tut Wuri Handayani.txt	2007
745	FEB, 11 2007-Yéh Paningalanné.txt	2007
231	FEB, 25 2007-Agama Hindu Boya ja  Upakara Kémanten.txt	2007
637	FEB, 25 2007-DPRD Sing Matapel.txt	2007
255	FEB, 25 2007-Dumun Nepak Kotak Pensil.txt	2007
790	FEB, 25 2007-Jangkrik Maénci.txt	2007
735	FEB, 25 2007-Kayu lan Kayun.txt	2007
426	FEB, 25 2007-MABYANGBYUNGAN.txt	2007
373	FEB, 25 2007-Topéng.txt	2007
561	FEB, 4 2007-Genta Winala.txt	2007
548	FEB, 4 2007-Paica Naenin Maura ring Semarapura.txt	2007
619	FEB, 4 2007-Pawungu  ring Sang Murdaning Jagat.txt	2007
576	FEB, 4 2007-Saking Budaga Genta Masuara.txt	2007
477	FEB, 4 2007-Selah Idup.txt	2007
490	JAN, 14 2007-Danda Adat Kasepékang.txt	2007
506	JAN, 14 2007-JAGRA.txt	2007
403	JAN, 14 2007-Kasetné Naenin Udu.txt	2007
208	JAN, 14 2007-Mlajah Sastra ring Peshantian.txt	2007
430	JAN, 14 2007-Tiang Tuah Dupa Akatih.txt	2007
513	JAN, 21 2007-ADUH MÉMÉ.txt	2007
578	JAN, 21 2007-I Carik Mararik.txt	2007
316	JAN, 21 2007-Indik Piodalan Ida Betari Sri.txt	2007
214	JAN, 21 2007-Jemet Malajah Nyurat Lontar.txt	2007
462	JAN, 21 2007-Nglinggihang Ida Betari Sri Ring Jaman Magic Jar.txt	2007
689	JAN, 21 2007-Ngyasayang Natah Bali Antuk Mamacul.txt	2007
220	JAN, 21 2007-Sarkopagus Nyihnayang Kramané Masikian.txt	2007
580	JAN, 28 2007-Inang Liang Mlajahé.txt	2007
467	JAN, 28 2007-Ngantén Suksés.txt	2007
509	JAN, 28 2007-SATUA.txt	2007
472	JAN, 7 2007-Bedak Cupak.txt	2007
294	JAN, 7 2007-Danda Adat Kasepékang.txt	2007
272	JAN, 7 2007-Ngadol Sampi Makarya Aungan.txt	2007
629	JAN, 7 2007-Ombak lan Angin ring Angga Sarira.txt	2007
496	JAN, 7 2007-Tonya.txt	2007
554	JAN, 7 2007-Toya Baya, Toya Bayu.txt	2007
676	JUN, 10 2007-Nyebun.txt	2007
374	JUN, 10 2007-Sekaa Shanti Gita Swara Aéro Catering Service.txt	2007
566	JUN, 10 2007-Tuara Arja.txt	2007
467	JUN, 17 2007-70 Persén Pisang Sané Kabuatang ring Bali Kanggé Upakara.txt	2007
566	JUN, 17 2007-Bungut Linggah.txt	2007
243	JUN, 17 2007-Nalangin Anak Istri.txt	2007
343	JUN, 17 2007-Nglanglang Buana antuk Tari Kontémporér.txt	2007
545	JUN, 17 2007-Padunung Ngadut Patundung.txt	2007
538	JUN, 17 2007-Pisang Piseng.txt	2007
243	JUN, 17 2007-Sutresna ring Pisang Bali.txt	2007
529	JUN, 24 2007-Guling Galungan.txt	2007
581	JUN, 24 2007-Senggak Penjor.txt	2007
261	JUN, 24 2007-Ten Wénten Target Menang.txt	2007
1189	JUN, 3 2007-I BASUR.txt	2007
621	JUN, 3 2007-Lén Pidan Lén Jani.txt	2007
561	JUN, 3 2007-Suksés Mréngés.txt	2007
1030	MAR, 11 2007-DÉDÉS.txt	2007
264	MAR, 11 2007-Mahasisya tur Mahaguru.txt	2007
484	MAR, 11 2007-MRATAIN BATU MAKOCOK.txt	2007
398	MAR, 11 2007-Tali Timbang.txt	2007
773	MAR, 11 2007-Ubuan Tunu, Manusa Tuna.txt	2007
465	MAR, 18 2007-MANGSA.txt	2007
652	MAR, 18 2007-Pengeng Sipeng.txt	2007
1072	MAR, 18 2007-Profésor Wau Makebior.txt	2007
649	MAR, 4 2007-Dot Mati.txt	2007
555	MEI, 20 2007-Dueg mueg.txt	2007
379	MEI, 20 2007-Dueg Ngapung.txt	2007
644	MEI, 20 2007-SMS.txt	2007
285	MEI, 20 2007-Tresna ring Budaya Ngawit saking Kulawarga.txt	2007
514	MEI, 27 2007-Bésér Bazar.txt	2007
932	MEI, 27 2007-DAGANG ÉS ROTI.txt	2007
232	MEI, 27 2007-Masuluh ring Sastra.txt	2007
514	MEI, 27 2007-Ngrusak lan Ngresik.txt	2007
220	MEI, 27 2007-Waged krana Sering Malomba.txt	2007
234	MEI, 6 2007-Bali nénten Kirangan Karang.txt	2007
477	MEI, 6 2007-Cupit Majepit.txt	2007
629	MEI, 6 2007-Gumi Seksek.txt	2007
202	NOV, 11 2007-BENCINGAH.txt	2007
381	NOV, 11 2007-Calonarang.txt	2007
725	NOV, 11 2007-Katuturan Sang Arya Dharma Mituhu Pituturipun I Kambing (1).txt	2007
460	NOV, 11 2007-Ngeréh.txt	2007
652	NOV, 11 2007-Rangda, Balu.txt	2007
758	NOV, 11 2007-Sudagar.txt	2007
463	NOV, 18 2007-Guru ring Tengahing Kelas, Guru ring Sisi Kelas.txt	2007
336	NOV, 18 2007-Guru, Gugu, lan Guyu.txt	2007
799	NOV, 18 2007-Katuturan Sang Arya Dharma Mituhu Pituturipun I Kambing (2).txt	2007
1139	NOV, 18 2007-Ngandong Bulan.txt	2007
449	NOV, 18 2007-Pagerwesi, 'Hari Guru' sakadi Bali.txt	2007
487	NOV, 18 2007-Patapan I Lidi.txt	2007
247	NOV, 18 2007-Pemda Madué Tanggung Jawab ring Basa Daérahnyané.txt	2007
207	NOV, 25 2007-Ajegang Kasucian Sesolahan Sanghyangé.txt	2007
461	NOV, 25 2007-Sesolahan Sanghyang Setata Pacang Ajeg.txt	2007
523	NOV, 25 2007-Sesolahan Sanghyang.txt	2007
378	NOV, 4 2007-Anom-anomé Ngulati Tetuladan.txt	2007
216	NOV, 4 2007-Bencingah-Sampunang Lali ring Tri Pusaka Bangsa.txt	2007
456	NOV, 4 2007-'Berjuang' Nyuang.txt	2007
692	NOV, 4 2007-Katuturan Pamargan Batur Taskara (3).txt	2007
674	NOV, 4 2007-Krama Tamiu 'Toris napi Teroris'.txt	2007
641	NOV, 4 2007-Magibung.txt	2007
205	NOV, 4 2007-Nungkulang Keneh.txt	2007
603	OKT, 21 2007-Dalang Guyang.txt	2007
418	OKT, 21 2007-Kelir Wayang Majait.txt	2007
1238	OKT, 21 2007-Pak Gedé.txt	2007
543	OKT, 28 2007-Abén lan Aben.txt	2007
905	OKT, 28 2007-Bangke Matah.txt	2007
445	OKT, 28 2007-Malaksana Kadéwan-déwan.txt	2007
647	OKT, 28 2007-Mapi-mapi Betara.txt	2007
454	OKT, 28 2007-Ngabén Sinarengan Gratis Nyabran Tigang Warsa.txt	2007
423	OKT, 28 2007-Ngabén Sinarengan sakadi Tumbu lan Pecatu.txt	2007
473	OKT, 7 2007-Dosén Agama Hindu.txt	2007
1217	OKT, 7 2007-Hansip Dogén, Kanggo!.txt	2007
685	OKT, 7 2007-Katuturan Bé Tetelu.txt	2007
528	OKT, 7 2007-Mulungin Pemulung.txt	2007
250	OKT, 7 2007-Pemulung Rarisang Ngranjing.txt	2007
199	OKT, 7 2007-Sangkaning Ngundang Prasida Ngindang.txt	2007
253	OKT, 7 2007-Sekaa Shanti Bhukti Mukti Bhakti.txt	2007
569	SEP, 16 2007-Angkabin Barong Somi.txt	2007
269	SEP, 16 2007-Drama Gong Nglestariang Basa Bali.txt	2007
659	SEP, 16 2007-Garang Bulan.txt	2007
320	SEP, 16 2007-Long lan Longan.txt	2007
225	SEP, 16 2007-Madasar antuk Nyastra.txt	2007
346	SEP, 16 2007-Nemu Galang.txt	2007
473	SEP, 16 2007-Purnama Matemu Tilem ring Tenganan Pegringsingan.txt	2007
241	SEP, 16 2007-Purnama Pralambang Suarga.txt	2007
277	SEP, 16 2007-Tetegenan Guru Sayan Abot.txt	2007
687	SEP, 2 2007-I Gowak Nyrita.txt	2007
748	SEP, 2 2007-Ilang Teba, Sampah Katah.txt	2007
216	SEP, 2 2007-Magambel, Malatih Madémokrasi.txt	2007
1103	SEP, 2 2007-Nangka Makatik Patpat.txt	2007
659	SEP, 2 2007-Ngurus sané Jelé, Nemu Melah.txt	2007
261	SEP, 2 2007-Pengater Acara ring 'Gemar Membaca'.txt	2007
803	SEP, 23 2007-Katuturan I Kasiapa Kepuh.txt	2007
458	SEP, 23 2007-Midabdabin Fakultas Sastra Unud Mangda Kadi Bahni ring Pahoman.txt	2007
217	SEP, 23 2007-Nglemesin antuk Béasiswa.txt	2007
463	SEP, 23 2007-Ngulati Skripsi Mabasa Bali.txt	2007
617	SEP, 23 2007-Sastra Suluh Urip.txt	2007
433	SEP, 30 2007-Barong Lawang.txt	2007
460	SEP, 30 2007-Barong, Ngraketang Paiketan Pasemetonan.txt	2007
1096	SEP, 30 2007-Betara Da Tonta.txt	2007
245	SEP, 30 2007-Juara Karaté lan Maca Puisi.txt	2007
705	SEP, 30 2007-Pangindrajalan I Syaruda ring I Ula.txt	2007
199	SEP, 30 2007-Pralambang Purusa-Pradana.txt	2007
248	SEP, 30 2007-Saking Lontar Metu Togog.txt	2007
1248	SEP, 9 2007-Bajang Bunga.txt	2007
434	SEP, 9 2007-Dadong Tumbah lan Arja RRI Denpasar.txt	2007
523	SEP, 9 2007-Gita ambara.txt	2007
661	SEP, 9 2007-I Buyung Nyrita.txt	2007
299	SEP, 9 2007-Radio Srana Nglimbakang Budaya.txt	2007
349	SEP, 9 2007-Ring Radio,  Ngorta kantos Mamitra.txt	2007
593	SEP, 9 2007-Tanah Taksu Bali.txt	2007
368	APR, 13 2008-Déwi Gangga Malinggih Manying Songgéng.txt	2008
562	APR, 13 2008-Génjér-génjér lan Écéng Gondok.txt	2008
831	APR, 13 2008-Gocékan.txt	2008
783	APR, 13 2008-I Belog Mantu (3).txt	2008
234	APR, 13 2008-Macecimpedan kadi Nagingin Teka-teki.txt	2008
408	APR, 13 2008-Maceki, Seni.txt	2008
325	APR, 13 2008-Ngepung Apung.txt	2008
406	APR, 13 2008-Ngirangin Cemer Limbah Garmen.txt	2008
451	APR, 13 2008-Pétruk Dados Raja.txt	2008
672	APR, 13 2008-Puek.txt	2008
453	APR, 20 2008-Anak Istri Dados Gubernur. Ngudiang Ten.txt	2008
678	APR, 20 2008-Mamadat.txt	2008
452	APR, 20 2008-Raja Klungkung sané Ngawinang Jerih I Welanda.txt	2008
811	APR, 27 2008-I Belog Mantu (5).txt	2008
335	APR, 27 2008-Layangan 'Arjun' Sayang.txt	2008
464	APR, 27 2008-Pakayunan Pemda Nénten Kukuh, Pertanian Bali 'Kasepékang'.txt	2008
1074	AUGUST, 24 2008-Ten Juari.txt	2008
1030	AUGUST, 31 2008-Luh Gisha.txt	2008
1216	DES, 14 2008-Belingan.txt	2008
873	DES, 21 2008-Baju Batik.txt	2008
894	DES, 28 2008-Kaden Saja.txt	2008
881	DES, 7 2008-Roti Jaran.txt	2008
452	FEB, 17 2008-Tumpek Krulut, Rahina Kasih Sayang Sakadi Bali.txt	2008
482	FEB, 24 2008-Arca lan Pratima Bali,  Akéhan saking Abad 13—14.txt	2008
756	FEB, 24 2008-I Dempuawang (2).txt	2008
268	FEB, 24 2008-Pratima lan Pralingga.txt	2008
529	FEB, 3 2008-Bazar Banjar, Pasar Punia.txt	2008
450	FEB, 3 2008-Bazar lan Kafé.txt	2008
604	FEB, 3 2008-Bazar Macedar.txt	2008
256	FEB, 3 2008-Bencingah.txt	2008
852	FEB, 3 2008-HP.txt	2008
747	FEB, 3 2008-I Sigir, Jlema tuah Asibak (3).txt	2008
347	FEB, 3 2008-Nyolong Semara.txt	2008
355	FEB, 3 2008-Sira Jeroné.txt	2008
630	JAN, 13 2008-Bencana Alam Sayan Sering Nibénin Bali.txt	2008
664	JAN, 13 2008-I Sangging Lobangkara nemu Suargan.txt	2008
207	JAN, 13 2008-Sampunang Lali Manyama Braya.txt	2008
836	JAN, 13 2008-SURAT.txt	2008
234	JAN, 13 2008-Wantah Atenga Alas Baliné sané Jakti Marupa Alas.txt	2008
772	JAN, 20 2008-I Sigir, Jlema tuah Asibak.txt	2008
414	JAN, 20 2008-Karma Suci  Molihang Suarga.txt	2008
421	JAN, 20 2008-Mapatung, Ngraketang Pasawitran Nyanggra Galungan.txt	2008
214	JAN, 20 2008-Ngasorang Sang Kala Tiga.txt	2008
252	JAN, 20 2008-Ngrereh Jati Diri.txt	2008
450	JAN, 20 2008-Nylimurang Manah antuk Mébat Galungan.txt	2008
267	JAN, 20 2008-Rahina Sukra, Wajib Mebasa Bali.txt	2008
330	JAN, 20 2008-Tadah Kala.txt	2008
461	JAN, 20 2008-Uliang sané Ilang.txt	2008
275	JAN, 20 2008-Upanishad  Karya Kesustraan Pinih Ungkur.txt	2008
195	JAN, 27 2008-Dados Mangku saking Alit.txt	2008
419	JAN, 27 2008-Gegitan Kembang Rampé Dharmayana Pariksa.txt	2008
790	JAN, 27 2008-I Sigir, Jlema tuah Asibak (2).txt	2008
220	JAN, 27 2008-Ketut 'Cedil' Suanda.txt	2008
552	JAN, 6 2008-Malajah Saking Buku, Malajah Nulis Buku.txt	2008
511	JAN, 6 2008-Ramé-ramé Ngucapang Selamat Hari Raya Antuk SMS.txt	2008
259	JAN, 6 2008-Sameton Bali wantah Sameton Global.txt	2008
691	JAN, 6 2008-Satua I Raré Angon (3).txt	2008
1062	JAN, 6 2008-Wa  Gurit.txt	2008
770	MAR, 16 2008-I Pucung (2).txt	2008
583	MAR, 16 2008-Mitra lan Satru.txt	2008
467	MAR, 16 2008-Ri kala Mamitra Dados Laksana Pangus.txt	2008
459	MAR, 2 2008-Banjar lan Désa Pakraman Patut Midabdabin Pamargin Ogoh-ogoh.txt	2008
422	MAR, 2 2008-Gogo Ogoh-Ogoh.txt	2008
703	MAR, 2 2008-I Dempuawang (3).txt	2008
227	MAR, 2 2008-Ida Pandita Mpu Jaya Wijayananda.txt	2008
427	MAR, 2 2008-Mala Maling.txt	2008
229	MAR, 2 2008-Weruh ring Sastra Surupakena ring Laksana.txt	2008
518	MAR, 23 2008-Kersten lan Basa Bali.txt	2008
427	MAR, 23 2008-Pakaryan Ageng, Gubernur Bali Jagi Rauh.txt	2008
555	MAR, 23 2008-Saduajeng Cagub-cawagub Bali.txt	2008
589	MAR, 30 2008-Akéh Margi Nuju Nagasepaha.txt	2008
800	MAR, 30 2008-I Belog Mantu (1).txt	2008
510	MAR, 30 2008-Lukisan Kaca Nagasepaha.txt	2008
756	MEI, 11 2008-I Lacur (1).txt	2008
218	MEI, 11 2008-Krama Baliné Patut Pada Rungu.txt	2008
743	MEI, 11 2008-Mamadon.txt	2008
351	MEI, 11 2008-Ngwaliang Dresta Makemit utawi Ngaryanin Gedong Panyimpenan.txt	2008
460	MEI, 18 2008-Buda Cemeng Klawu, mangda nénten Buduh sareng Jinah.txt	2008
715	MEI, 18 2008-I Lacur (2).txt	2008
437	MEI, 18 2008-Jaman Jinah, Jinah, lan Jinah.txt	2008
50	MEI, 18 2008-Kepala Sekolah nuntut tunjangan jabatan katincapang.txt	2008
384	MEI, 18 2008-Mipisin Gumi.txt	2008
580	MEI, 18 2008-Pédopilia Patut Kayatnain.txt	2008
518	MEI, 18 2008-Pipis.txt	2008
445	MEI, 18 2008-Satia-Pasaja.txt	2008
878	MEI, 18 2008-Upah.txt	2008
897	MEI, 25 2008-Anak Buduh.txt	2008
459	MEI, 25 2008-Budaya Mamaca Krama Baliné.txt	2008
698	MEI, 25 2008-Buta Aksara.txt	2008
381	MEI, 25 2008-Kelih.txt	2008
412	MEI, 25 2008-Maca lan  Makaca.txt	2008
510	MEI, 25 2008-M-O-U.txt	2008
459	MEI, 25 2008-Nincapang Budaya Mamaca, Ajin Bukuné Patut Mudah.txt	2008
507	MEI, 25 2008-Nyujur Sunia.txt	2008
709	MEI, 25 2008-Pan Angklung Gadang (1).txt	2008
529	MEI, 25 2008-Parilaksana Bolos ring Sekolah.txt	2008
454	MEI, 4 2008-Ngadungang Pendidikan Formal sareng Dunia Kerja.txt	2008
911	NOV, 16 2008-Sun San Set.txt	2008
970	NOV, 2 2008-Cawet (Buda Rebo)_938.txt	2008
866	NOV, 23 2008-Patut Lestariang.txt	2008
1267	NOV, 30 2008-Cik Ong.txt	2008
1166	NOV, 9 2008-Treh.txt	2008
1056	OKT, 12 2008-Proyek.txt	2008
1128	OKT, 19 2008-Mekel Paris.txt	2008
865	OKT, 26 2008-Luh Taman.txt	2008
928	OKT, 5 2008-Kangen.txt	2008
1173	SEP, 21 2008-Dadong Sengol.txt	2008
1275	SEP, 7 2008-Makele Lanang.txt	2008
1279	APR, 12 2009-Jro Jepun.txt	2009
1090	APR, 26 2009-Caleg.txt	2009
913	APR, 5 2009-Baang Dogen.txt	2009
1020	AUG, 16 2009-Takamura.txt	2009
959	AUG, 2 2009-Jackris.txt	2009
948	AUG, 9 2009-Mare Lima Bulan.txt	2009
237	DES, 1 2009-UPACARA MAMUNGKAH LAN NGENTEG LINGGIH RING KALIBALANG TABANAN.txt	2009
591	DES, 12 2009-Gejor.txt	2009
488	DES, 12 2009-Puputang Rauh Iriki Nyungkanin Ibu Pertiwi.txt	2009
271	DES, 13 2009-LP3I BALI PINAKA KAMPUS JAMINAN KERJA.txt	2009
211	DES, 13 2009-PAURUKAN MASANG LAN NGELESANG IUD.txt	2009
189	DES, 16 2009-BUPATI KLUNGKUNG MIKUKUHIN DESA PAKRAMAN KARANG NUSA PENIDA.txt	2009
190	DES, 16 2009-NANGLUK MARANA RING SEGARA SESEH.txt	2009
161	DES, 16 2009-SMA 1 KUTA UTARA SEKOLAH BERWAWASAN LINGKUNGAN.txt	2009
127	DES, 17 2009-BAKTI PAKELEM MAJENG WISATAWAN DURA NEGARA.txt	2009
200	DES, 17 2009-DRAMA TARI ARJA SAKING KUANTITAS NGREREDANG.txt	2009
264	DES, 17 2009-KRAMA BATUR LAN SAWEWENGKONNYANE NGLAKSANAYANG NYEPI SEGARA.txt	2009
269	DES, 17 2009-LOMBA PALANG MERAH REMAJA.txt	2009
284	DES, 17 2009-LPD BERPRESTASI NERIMA PENGHARGAAN.txt	2009
234	DES, 17 2009-NYUKAT GENAH RING PURA BATUR LAN DALEM KELOPING.txt	2009
218	DES, 18 2009-BAKTI PANGAYAR RING PURA JATI.txt	2009
190	DES, 18 2009-JALAN SWADAYA TEGAL SARI KARESMIANG.txt	2009
217	DES, 19 2009-Cuntaka Satata Ngelimbak.txt	2009
357	DES, 19 2009-Cuntaka.txt	2009
564	DES, 19 2009-Engon-engonan.txt	2009
270	DES, 19 2009-I Tukang Pacul.txt	2009
466	DES, 19 2009-Lumut-lumut Watulumbang (50) petapan batu gegodan ombak.txt	2009
42	DES, 19 2009-Ramé, pelanggar ijin pondok wisata..txt	2009
605	DES, 19 2009-Satyahati.txt	2009
390	DES, 19 2009-Sugih lan Lacur.txt	2009
261	DES, 2 2009-MAHASABHA III PRATISENTANA BENDESA MANIK MAS.txt	2009
187	DES, 2 2009-PIODALAN RING PURA TIRTA MANDALA BI DENPASAR.txt	2009
165	DES, 2 2009-SULINGGIH KATURANG BUSANA LAN BUKU.txt	2009
1222	DES, 20 2009-Umah Dines.txt	2009
186	DES, 21 2009-BAKTI PANGANYAR RING PURA SEGARA DANU.txt	2009
172	DES, 21 2009-MAPEPADA, NYENUK LAN RSI BOJANA RING PURA BATUR.txt	2009
231	DES, 21 2009-TIRTA YATRA KA LEMPUYANG.txt	2009
195	DES, 25 2009-BULAN MEI 2010 PILKADA LANGSUNG.txt	2009
195	DES, 25 2009-KEBUN RAYA TATUJON WISATA ALAM.txt	2009
240	DES, 25 2009-WISATAWAN KE OBYEK WISATA ALAS KEDATON NGEREREDANG.txt	2009
199	DES, 26 2009-BULAN MEI 2010 LIMANG KABUPATEN KOTA NGLAKSANAYANG PILKADA LANGSUNG.txt	2009
388	DES, 26 2009-Dirah; Pasidikarang Anak Lanang.txt	2009
365	DES, 26 2009-Durgha; Ibu Bumi.txt	2009
248	DES, 26 2009-Kali Sengsara.txt	2009
434	DES, 26 2009-Lumut-lumut Watulumbang (51) bape joh bape paek.txt	2009
483	DES, 26 2009-Madedagangan.txt	2009
179	DES, 26 2009-PIKOBET DAFTAR PEMILIH TETAP NGWARNAIN PILKADA.txt	2009
321	DES, 26 2009-Sakti, Satru.txt	2009
1119	DES, 27 2009-Menang.txt	2009
171	DES, 28 2009-MAKELINGIN HARI IBU, PADANG SAMBIAN KAJA NGWENTENANG JALAN SANTAI.txt	2009
202	DES, 28 2009-NGABEN MASSAL RING KELURAHAN DAUH PURI.txt	2009
240	DES, 28 2009-NYELEHIN BOBOT PAKARYAN, PHDI KLUNGKUNG NGWENTENANG LOKASABHA.txt	2009
280	DES, 3 2009-DESA SAJEBAG-BALI SAMIAN NERIMA PUAP RING WARSA 2010.txt	2009
242	DES, 3 2009-NGENTEG LINGGIH RING PURA BANUA SEGARA PEGONJONGAN.txt	2009
328	DES, 3 2009-PAKELING HARI BAKTI PU KAPING-64 NGURATIANG KK MISKIN.txt	2009
239	DES, 4 2009-NYANGLING LAN NGINGSAH BERAS RING PURA ULUN DANU BATUR.txt	2009
206	DES, 4 2009-PARA ISTRI LAN LANANGE PATUT IMBANG.txt	2009
652	DES, 5 2009-Dongkang.txt	2009
249	DES, 7 2009-DEKRANASDA BANGLI NYERAHANG WANTUAN PENGRAJIN.txt	2009
233	DES, 7 2009-IWABA KATON AYU SARENG YAYASAN KECANTIKAN AGUNG.txt	2009
193	DES, 7 2009-MALUKAT SARENG SARENG RING PASISI MERTASARI.txt	2009
201	DES, 7 2009-PAURUKAN MEDITASI KUNDALINI SAKTI.txt	2009
235	DES, 8 2009-ASRAM RATU BAGUS NGLAKSANAYANG UPACARA DIKSA PARIKSA.txt	2009
205	DES, 8 2009-LAYANGAN KHAS BALI KANTUN KASENENGIN ANTUK WISATAWAN.txt	2009
216	DES, 8 2009-LPD DESA ADAT PECATU NGLAKSANAYANG JALAN SEHAT.txt	2009
201	DES, 8 2009-PENATARAN BENDESA ADAT SAWEWENGKON-BADUNG.txt	2009
144	DES, 8 2009-PERTANIAN ORGANIK, INDUSTRI HULU NGANTOS HILIR.txt	2009
237	DES, 8 2009-UPACARA NGADEGANG PEDAGINGAN PURA ULUN DANU BATUR.txt	2009
209	DES, 9 2009-TAN KIRANG SASEPELAN PANGAN, KLUNGKUNG NGWENTENANG „RAPAT KETAHANAN PANGAN.txt	2009
1304	FEB, 1 2009-Dalem Pingit.txt	2009
1029	FEB, 15 2009-Baliho.txt	2009
1253	FEB, 15 2009-Kebaya.txt	2009
661	FEB, 21 2009-Ni Bawang Teken Ni Kesuna.txt	2009
1050	JAN, 11 2009-Tatik.txt	2009
1010	JAN, 18 2009-John.txt	2009
1191	JAN, 25 2009-Nyentana.txt	2009
1047	JAN, 4 2009-Mouse.txt	2009
1237	JUN, 14 2009-Sarah.txt	2009
951	JUN, 7 2009-Luh Lastri.txt	2009
1034	MAR, 1 2009-Bapa Gedur.txt	2009
1866	MAR, 10 2009-I Pucung.txt	2009
581	MAR, 10 2009-Penganggon Bebek.txt	2009
1196	MAR, 29 2009-Investor.txt	2009
1138	MEI, 10 2009-Med-medan.txt	2009
1253	MEI, 17 2009-Cor.txt	2009
971	MEI, 24 2009-Made Smith.txt	2009
1391	MEI, 3 2009-Sandal.txt	2009
196	NOV, 10 2009-DASAAN HANSIP SAWEWENGKON-KOTA DENPASAR NGAMILETIN PAURUKAN.txt	2009
197	NOV, 10 2009-DESA PEKRAMAN BERABAN KATUREKSAIN.txt	2009
213	NOV, 10 2009-GEBYAR KUNDALINI RING NARIGRAHA RENON.txt	2009
195	NOV, 10 2009-IKIP PGRI BALI MAUTSAHA NGARDI CALON GURU WIKAN.txt	2009
198	NOV, 10 2009-NINCAPANG BOBOT SUMBER DAYA MANUSIA.txt	2009
208	NOV, 10 2009-PANUREKSAN LOMBA PKTP KAB. GIANYAR.txt	2009
268	NOV, 11 2009-111 PAMILET UJIAN KEJAR PAKET C KOTA DENPASAR.txt	2009
188	NOV, 11 2009-MASINEB, IDA BATARA RING PURA GOA LAWAH.txt	2009
306	NOV, 11 2009-SEKAA GONG KEBYAR DESA ADAT LEGIAN SAYAGA MACENTOK.txt	2009
209	NOV, 12 2009-BAPPEDA BALI NGLAKSANAYANG BIMTEK, MAJENG APARAT PPNS.txt	2009
195	NOV, 12 2009-DESA PAKRAMAN PANGLATAN KATUREKSAIN.txt	2009
248	NOV, 12 2009-DESA PAKRAMAN TAMAN POH MANIS KATUREKSAIN TIM PROPINSI.txt	2009
174	NOV, 12 2009-PAKELING ABHISEKA RATU TRI BUANA TUNGGA DEWI.txt	2009
158	NOV, 12 2009-SEMINAR NASIONAL BASA BALI.txt	2009
367	NOV, 14 2009-Bog.txt	2009
1025	NOV, 14 2009-Gatel Titah Kawitri Resen.txt	2009
648	NOV, 14 2009-I Baluan (2).txt	2009
258	NOV, 14 2009-Ida Puspita.txt	2009
449	NOV, 14 2009-Lumut-lumut Watulumbang (45) ngaku bhakti.txt	2009
467	NOV, 14 2009-Metoh.txt	2009
256	NOV, 14 2009-Sampunang Nyampahang Sumpah.txt	2009
491	NOV, 14 2009-Sumpah Pejabat Sayan-sayan Campah.txt	2009
378	NOV, 14 2009-Sumpah.txt	2009
253	NOV, 2 2009-Padiksan Ring Griya Sweta Kemenuh.txt	2009
169	NOV, 2 2009-Pakinkin pacentok lomba desa adat.txt	2009
285	NOV, 2 2009-Paruman Sulinggih Nyanggra Lokasabha.txt	2009
220	NOV, 2 2009-Sedratari Banjar Bun.txt	2009
479	NOV, 22 2009-Guru Guyu.txt	2009
945	NOV, 22 2009-Kantenan.txt	2009
446	NOV, 22 2009-Lumut-lumut Watulumbang (46) Ten Sareng Maperang.txt	2009
414	NOV, 22 2009-Maguru.txt	2009
347	NOV, 22 2009-Mayus.txt	2009
485	NOV, 22 2009-Nénten Ja Catur Guru Kémanten.txt	2009
166	NOV, 23 2009-DINAS KEBUDAYAAN NGLAKSANAYANG LOMBA UTSAWA DHARMA GITA.txt	2009
226	NOV, 23 2009-MAHASABHA KAPING-8 MGPSSR RPOVINSI BALI.txt	2009
298	NOV, 23 2009-SABHA AGENG III IDA RSI BHUJANGGA WAISNAWA.txt	2009
282	NOV, 23 2009-UPACARA PENAUNG BAYU.txt	2009
185	NOV, 26 2009-JALAN SANTAI UNUD MAKELINGIN WANTI WARSA KORPRI KAPING-38.txt	2009
251	NOV, 26 2009-LOMBA BALITA SEHAT.txt	2009
217	NOV, 26 2009-LOMBA GONG KEBYAR DEWASA SESAMEN KECAMATAN.txt	2009
183	NOV, 26 2009-SASTRA DAERAH UNUD NGAJEGANG BASA BALI.txt	2009
189	NOV, 26 2009-SEED PIKAYUNAN KRAMANE NGAWIGUNAYANG TOGA MAGENG.txt	2009
256	NOV, 26 2009-ST YOWANA ASRAMA JUARA I ADIJAYANTHI SEKAA TRUNA PROV. BALI.txt	2009
211	NOV, 27 2009-NGWERDIANG BUDAYA BALI MAJALARAN TUMPEK KLURUT.txt	2009
222	NOV, 28 2009-Dilaog Umat Beragama.txt	2009
247	NOV, 28 2009-PANYATUSAN WARGA SEED PISAN NYANGGRA PULA-PALI MATAMBA MEDIS LAN NON MEDIS GRATIS RING DESA BLIMBIN.txt	2009
369	NOV, 29 2009-Adung sareng Alam.txt	2009
476	NOV, 29 2009-Gugu.txt	2009
1030	NOV, 29 2009-Keris Pangantén.txt	2009
449	NOV, 29 2009-Lumut-lumut Watulumbang (47) dadi awak pedidi.txt	2009
482	NOV, 29 2009-Mapadu.txt	2009
480	NOV, 29 2009-Ngolah Raga lan Ngolah Rasa.txt	2009
406	NOV, 29 2009-Pahlawan.txt	2009
667	NOV, 29 2009-Pan Jempiit.txt	2009
364	NOV, 29 2009-Petulu, Masuluh ring Kokokan.txt	2009
384	NOV, 29 2009-Sebun Kokokan.txt	2009
205	NOV, 3 2009-KARYA MAPEPADA, PEKELEM, LAN MALASTI RING PURA GOA LAWAH.txt	2009
165	NOV, 3 2009-NGUSABA DANGSIL RING PURA DESA TANGKAS.txt	2009
206	NOV, 3 2009-NGUSABA RING PURA PUSEH DESA PAKRAMAN TOHJIWA.txt	2009
236	NOV, 3 2009-PIODALAN RING PURA DESA LAN PUSEH SAWAN.txt	2009
158	NOV, 3 2009-PIODALAN RING PURA POLTABES.txt	2009
221	NOV, 3 2009-SMK PGRI 3 DPS NGELAKSANAYANG UPACARA NGENTEG LINGGIH.txt	2009
217	NOV, 3 2009-TAWUR AGUNG RING PURA PUSEH KEDONGDONG.txt	2009
207	NOV, 3 2009-UPACARA NGENTEG LINGGIH RING BANJAR CEMARA AGUNG.txt	2009
181	NOV, 4 2009-DESA ADAT YEHA NGMARGIANG KARYA AGUNG.txt	2009
198	NOV, 4 2009-KARYA AGUNG MAMUNGKAH RING PURA DALEM DIGDE.txt	2009
527	NOV, 7 2009-DPR Sakadi Pusat Syaraf.txt	2009
681	NOV, 7 2009-I Baluan (1).txt	2009
244	NOV, 7 2009-I Madé Molog.txt	2009
585	NOV, 7 2009-Jejeh.txt	2009
489	NOV, 7 2009-Lumut-lumut Watulumbang (44) Metemu di Tanggun Idep.txt	2009
1319	SEP, 20 2009-Berung.txt	2009
970	SEP, 6 2009-Tulah.txt	2009
375	APR, 11 2010-Gianyar, Pantaraning Kota Budaya lan Wicara Adat.txt	2010
377	APR, 11 2010-Ngangken Wikan.txt	2010
391	APR, 11 2010-Ngulati Bali Anyar Saking Gianyar.txt	2010
334	APR, 11 2010-Nyuratang Ucapan Napiké Ngucapang Sesuratan.txt	2010
429	APR, 11 2010-Pasar Latu Pinih Becik Anggén Pasar Seni.txt	2010
541	APR, 18 2010-Cunguh Nguntul Ngalih Bo.txt	2010
375	APR, 18 2010-Dadi Anggon!.txt	2010
492	APR, 18 2010-FB.txt	2010
454	APR, 18 2010-Luh Jalir Ngakéhang ring Internété.txt	2010
100	APR, 18 2010-Ngalahin Bli.txt	2010
295	APR, 18 2010-Nyaru.txt	2010
502	APR, 18 2010-Pang Sander Krébék.txt	2010
175	APR, 18 2010-Saking STM Makecog ka Wariga.txt	2010
1179	APR, 18 2010-Sertifikasi.txt	2010
144	APR, 18 2010-Sunari.txt	2010
344	APR, 25 2010-Anak Agung Gedé Pameregan, Pengawi Utama Klungkung.txt	2010
391	APR, 25 2010-Déwan Titiang, Anak Lanang.txt	2010
1548	APR, 25 2010-Pekak.txt	2010
309	APR, 25 2010-Sastra lan Semarapura.txt	2010
395	APR, 25 2010-Undang-undang Pornografi.txt	2010
313	APR, 25 2010-Unggul.txt	2010
256	APR, 25 2010-Wikan Ngwayang, Juara Mapidarta.txt	2010
210	APR, 3 2010-DIGELIS NGANGKAT PLT LAN NGAJUANG CALON SEKDA.txt	2010
170	APR, 3 2010-MARERESIK LAN MATAMBA GRATIS.txt	2010
249	APR, 4 2010-Babad Tanah Jawa; Masuluh ka Jaman Kajayaan.txt	2010
359	APR, 4 2010-Basa Manis Jwotangarin.txt	2010
1348	APR, 4 2010-Lés.txt	2010
391	APR, 4 2010-Nampin.txt	2010
307	APR, 4 2010-Ngundukan Ujan.txt	2010
377	APR, 4 2010-Pasien JKBM Ngrimik, Tan Makasami Prabéa Katanggung Pemerintah.txt	2010
829	APR, 4 2010-Sasuluh.txt	2010
444	APR, 4 2010-Satua saking Hutan Bakau Suwung.txt	2010
564	APR, 4 2010-Sing Kéné Sing Kéto.txt	2010
703	APR, 4 2010-Ulian Rerama.txt	2010
199	APR, 9 2010-POTENSI BANGLI DURUNG KAPIDABDABIN BECIK.txt	2010
476	AUGUST, 1 2010-Balian.txt	2010
475	AUGUST, 1 2010-Lumut-lumut Watulumbang.txt	2010
505	AUGUST, 1 2010-Maguru ring Salampah Laku Peranda Madé Sidemen.txt	2010
631	AUGUST, 1 2010-Nak Bali ne.txt	2010
516	AUGUST, 1 2010-Nak Lingsir.txt	2010
312	AUGUST, 1 2010-Nandur Karang Awak.txt	2010
170	AUGUST, 1 2010-Salampah Laku.txt	2010
461	AUGUST, 15 2010-Bébas.txt	2010
684	AUGUST, 15 2010-Kakawin Sutasoma.txt	2010
486	AUGUST, 15 2010-Lumut-lumut Watulumbang (84) Ngadu Aduan.txt	2010
335	AUGUST, 15 2010-Mamuja Danu.txt	2010
494	AUGUST, 15 2010-Mirengang.txt	2010
1303	AUGUST, 15 2010-Muliati.txt	2010
459	AUGUST, 15 2010-Ring Buléléng, Pangajin Sembako Sayan Nincap.txt	2010
185	AUGUST, 15 2010-Toya Danu Buyan Defisit.txt	2010
508	AUGUST, 22 2010-Bali Kadi Mangkin Kaiterin Café.txt	2010
283	AUGUST, 22 2010-Déna.txt	2010
258	AUGUST, 22 2010-Gegendingan Ilu Para Pengalu.txt	2010
187	AUGUST, 22 2010-Jakarta, Lawan Terberat.txt	2010
463	AUGUST, 22 2010-Lumut-lumut Watulumbang (85) pakeh.txt	2010
356	AUGUST, 22 2010-Madyapadma Award.txt	2010
489	AUGUST, 22 2010-Ratu Sabdaning Sepi.txt	2010
305	AUGUST, 22 2010-Truna Wirang.txt	2010
482	AUGUST, 22 2010-Tulis Gidaté Nyemah.txt	2010
648	AUGUST, 29 2010-Gunung.txt	2010
455	AUGUST, 29 2010-Lumut-lumut Watulumbang (86) Cecimpedan.txt	2010
305	AUGUST, 29 2010-Méroang Pangasih.txt	2010
403	AUGUST, 29 2010-Situs Arkeologis Kawéntenan Toya ring Tukad Pakerisan.txt	2010
360	AUGUST, 29 2010-Toya.txt	2010
552	AUGUST, 8 2010-Angker.txt	2010
353	AUGUST, 8 2010-Materuna Nyoman, Ngajahin Alit-alité Tresna sareng Alam.txt	2010
334	AUGUST, 8 2010-Metalang.txt	2010
329	AUGUST, 8 2010-Perang.txt	2010
457	AUGUST, 8 2010-Ratusan Lulusan SD Ring Buléléng Tan Ngeranjing SMP.txt	2010
323	AUGUST, 8 2010-Suara-suara Tan Pasaur.txt	2010
515	DES, 12 2010-Galungan.txt	2010
321	DES, 12 2010-Jaja Uli, Jaja Begina.txt	2010
438	DES, 12 2010-Lumut-lumut Watulumbang (101) Brahmana Guna.txt	2010
213	DES, 14 2010-NGLESTARIANG BUDAYA MAJALARAN LOMBA.txt	2010
184	DES, 14 2010-UTSAWA DHARMAGITA LAN LOMBA NYASTRA KABUPATEN BADUNG.txt	2010
422	DES, 19 2010-Bhaya.txt	2010
454	DES, 19 2010-Lumut-lumut Watulumbang (102) Wates.txt	2010
139	DES, 19 2010-Puyung.txt	2010
358	DES, 19 2010-Ribet Robot.txt	2010
395	DES, 19 2010-Tantri Carita, Manusa, lan Sastra.txt	2010
265	DES, 26 2010-''All Agree'' dan ''Tapak Telu'' Dapat Pujian.txt	2010
329	DES, 26 2010-Déwi Kunti Niti Bakti.txt	2010
1056	DES, 26 2010-Juk Polisi.txt	2010
478	DES, 26 2010-LUMUT-LUMUT WATULUMBANG (103) BATULUMBANG MISI LUMUT.txt	2010
323	DES, 26 2010-Molihang Piagam Penggalian lan Pelestarian Kebudayaan.txt	2010
527	DES, 26 2010-Pisang.txt	2010
511	DES, 26 2010-Tahun 2011.txt	2010
367	DES, 26 2010-Tantri Carita, Manusa, lan Sastra.txt	2010
253	DES, 5 2010-Jangkrik Maénci; Léak, Mai Mai Mai Léak.txt	2010
418	DES, 5 2010-Lugrayang Biang.txt	2010
476	DES, 5 2010-Ngentasin Senggigi II.txt	2010
1208	DES, 5 2010-Stephen.txt	2010
140	FEB, 1 2010-FEBRUARI SABEH BALES, WASPADA RING SASIHE MAYANIN.txt	2010
264	FEB, 1 2010-LPD, POTENSI AGENG SAJRONING NINCAPANG BOBOT IKM.txt	2010
228	FEB, 1 2010-TIRTA YATRA KA PURA SAD KHAYANGAN ANDAKASA.txt	2010
342	FEB, 13 2010-Bali lan Cina Pantaraning Perdagangan Bébas.txt	2010
409	FEB, 13 2010-Lumut-lumut Watulumbang (58).txt	2010
350	FEB, 13 2010-Nginutin Garis.txt	2010
205	FEB, 13 2010-Sampunang Gresiuh Sareng Cina.txt	2010
355	FEB, 20 2010-Cemer.txt	2010
1188	FEB, 20 2010-Janet.txt	2010
313	FEB, 20 2010-Konsumén.txt	2010
166	FEB, 20 2010-Mébasang Petani saking Pajak.txt	2010
506	FEB, 20 2010-Pantaraning Petani lan Invéstasi Asing.txt	2010
251	FEB, 20 2010-Perjalanan Danghyang Nirartha; Saking Daha ngantos Tambora.txt	2010
467	FEB, 20 2010-Sampik Ingtai.txt	2010
220	FEB, 23 2010-RAI MANTRA NYAKSIANG PAMASTIKA KARANG TARUNA PUTRA.txt	2010
202	FEB, 23 2010-SOSIALISASI SENSUS PENDUDUK 2010.txt	2010
246	FEB, 28 2010-Babuang Buntut.txt	2010
296	FEB, 28 2010-Durga Surya.txt	2010
433	FEB, 28 2010-Kapradnyanan.txt	2010
1174	FEB, 28 2010-Kawigunan Gong Beruk ring Banjar Banglé.txt	2010
633	FEB, 28 2010-Mirengang Satua, Ngalap Sarining Crita.txt	2010
454	FEB, 28 2010-Puja lan Puji.txt	2010
372	FEB, 28 2010-Sastra lan Diah Tantri.txt	2010
474	FEB, 28 2010-Tukang Satua.txt	2010
264	FEB, 6 2010-Cekcek masuara.txt	2010
320	FEB, 6 2010-Génerasi Muda Mangda Wirang ring Ajeg Bali.txt	2010
346	FEB, 6 2010-Guat-guat Tsunami di Bali.txt	2010
41	FEB, 6 2010-Indik berung PBD Bali.txt	2010
436	FEB, 6 2010-Lumut-lumut Watulumbang (57) Maktinin Atma Pedidi.txt	2010
372	FEB, 6 2010-Masekolah.txt	2010
450	FEB, 6 2010-Ngrereh Déwa Ulah Buta.txt	2010
357	FEB, 6 2010-Ngyatnain Tsunami.txt	2010
254	FEB, 6 2010-Paksi Lara.txt	2010
476	FEB, 6 2010-Pipis.txt	2010
285	FEB, 6 2010-Puputan Margarana; Saking Manah Pamargin Galah.txt	2010
513	FEB, 6 2010-Sujati.txt	2010
521	FEB, 6 2010-Tsunami Wayan Juniartha.txt	2010
294	FEB, 6 2010-Tsunami.txt	2010
1015	FEB, 7 2010-Van Boch.txt	2010
192	FEB, 8 2010-BEBAYUHAN SAPU LEGER.txt	2010
222	FEB, 8 2010-WANTI WARSA SP PAR AYODYA RESORT BALI NGWENTENANG JALAN SANTAI.txt	2010
163	FEB, 9 2010-BIMTEK PENATAUSAHAAN KEUANGAN DAERAH.txt	2010
166	FEB, 9 2010-MELASPAS RING SD 1 LAN 2 SARASWATI.txt	2010
245	FEB, 9 2010-NGERUAK LAN, NYAKAP KARANG RING SMP PGRI 5.txt	2010
244	FEB, 9 2010-PANYERAHAN DPA WARSA KALIH TALI DASA.txt	2010
278	FEB, 9 2010-SEDURUNG PIODALAN SAMIAN SARANA UPAKARA SAMPUN JANGKEP.txt	2010
239	JAN, 12 2010-DANA TUNJANGAN PROFESI GURU KIRANG RP 3 M.txt	2010
226	JAN, 12 2010-IDA RATU BAGUS NGLIMBAKANG AJAH-AJAHAN WEDA RING AUSTRALIA.txt	2010
255	JAN, 12 2010-KARYA RING PURA PENATARAN AGUNG KAWITAN SATRIYA I DEWA KAEL PEJNDENG.txt	2010
272	JAN, 14 2010-DIES NATALIS PERDIKNAS NGWENTENANG LOMBA TI MICROSOFT OFFICE.txt	2010
217	JAN, 14 2010-NGENTEG LINGGIH RING MERAJAN BUJANGGA WAISNAWA BANYUATIS.txt	2010
214	JAN, 14 2010-NGENTEG LINGGIH RING PURA DALEM RESI.txt	2010
168	JAN, 14 2010-UMAT HINDU TANGKIL KA PURA JAGATNATA.txt	2010
215	JAN, 14 2010-WANTI WARSA KAPING-32, IWAPI BALI NGWENTENANG SEMINAR KANKER.txt	2010
928	JAN, 16 2010-Bali Akéh Kélangan Dokumentasi Penting.txt	2010
474	JAN, 16 2010-Lumut-lumut Watulumbang (54).txt	2010
751	JAN, 16 2010-Mémé Ketumpit.txt	2010
267	JAN, 16 2010-Semaya.txt	2010
266	JAN, 18 2010-RAPAT KERJA BANK SINAR.txt	2010
225	JAN, 18 2010-YSDS MALUKAT RING PURA TIRTA EMPUL.txt	2010
185	JAN, 19 2010-2010, BANK SINAR NGAPTIANG 1 TRILYUN LANGKUNG.txt	2010
158	JAN, 19 2010-PEMKOT DENPASAR SAYAGA NGLAKSANAYANG JKBM.txt	2010
927	JAN, 2 2010-Endék Bali, Patutné Nénten Kakaryanin Masal.txt	2010
482	JAN, 2 2010-Lumut-lumut Watulumbang (52) dharma ririh.txt	2010
1049	JAN, 2 2010-Mumbai.txt	2010
199	JAN, 2 2010-Peteng.txt	2010
394	JAN, 23 2010-Dedaaran.txt	2010
713	JAN, 23 2010-Galuh Payuk.txt	2010
465	JAN, 23 2010-Inget.txt	2010
431	JAN, 23 2010-Lumut-lumut Watulumbang (55).txt	2010
249	JAN, 23 2010-Mangdané Taman Budaya Nénten Kabaos Tenget.txt	2010
452	JAN, 23 2010-Ngidih, Nunas, Natakang Lima Ari Dwijayanthi.txt	2010
1131	JAN, 23 2010-Satak Juta .txt	2010
329	JAN, 23 2010-Srombotan.txt	2010
388	JAN, 23 2010-Wisatawan Taler Oneng Sareng Serombotan Klungkung.txt	2010
206	JAN, 25 2010-BANJAR PEKAMBINGAN NGMARGIANG UPACARA MAMUKUR.txt	2010
185	JAN, 25 2010-NGWERDIANG BUDAYA BALI MAJALARAN WORKSHOP.txt	2010
220	JAN, 25 2010-TIRTA YATRA RING PURA KHAYANGAN SRIJONG.txt	2010
192	JAN, 28 2010-NGENING DAN MENDAK TIRTA DI PURA SEGENING.txt	2010
199	JAN, 3 2010-BALE BANJAR ADAT DHARMA SADHU DUKUH KAPELASPAS.txt	2010
258	JAN, 3 2010-DONOR DARAH SAJRONING PARIKRAMA KEMANUSIAAN.txt	2010
265	JAN, 3 2010-PURA TELAGA SAREN GONG NGLAKSANAYANG CARU BALIK SUMPAH.txt	2010
373	JAN, 30 2010-Loba.txt	2010
523	JAN, 30 2010-Ngwangun Budaya Inteléktual antuk Ngluncurang Buku.txt	2010
286	JAN, 30 2010-Sukerta Désa lan Krama.txt	2010
417	JAN, 30 2010-Wiwéka Désa Adat.txt	2010
1080	JAN, 31 2010-Tukang Cukur.txt	2010
361	JAN, 5 2010-10 MUSEUM NERIMA K. NADHA NUGRAHA 2010.txt	2010
194	JAN, 5 2010-RABIES NINCAP, DB NGEDIKANG DENPASAR.txt	2010
181	JAN, 7 2010-PEMKOT PACANG NYINAHANG UGER-UGER INDIK ARSITEKTUR BALI.txt	2010
227	JAN, 7 2010-TAWUR AGUNG PURA DESA PAKRAMAN MAS.txt	2010
159	JAN, 7 2010-WAKIL BUPATI NINJO GENAH BENCANA.txt	2010
678	JAN, 9 2010-ASÉP.txt	2010
1268	JAN, 9 2010-Basang.txt	2010
398	JAN, 9 2010-Jejeh, Nguber Betara Aji Upacara.txt	2010
283	JAN, 9 2010-Koprasi-koprasian.txt	2010
1118	JUL, 11 2010-Karauhan.txt	2010
448	JUL, 11 2010-Kulkul.txt	2010
504	JUL, 11 2010-Lumut-lumut Watulumbang (79).txt	2010
357	JUL, 11 2010-Mabersih.txt	2010
341	JUL, 11 2010-Mengkeb ring Suryaksiu.txt	2010
417	JUL, 11 2010-Pul Si Nogé.txt	2010
382	JUL, 11 2010-Tayangan TV Durung Aman Majeng Alit-alit.txt	2010
441	JUL, 18 2010-Cabul.txt	2010
171	JUL, 18 2010-Fifin Diah Olivianti Neliti Teba.txt	2010
498	JUL, 18 2010-Lomba Nyastra PKB, Aéng.txt	2010
445	JUL, 18 2010-Lumut-lumut Watulumbang (80) Sekar Makelopak Siki.txt	2010
287	JUL, 18 2010-Ngukir Yéh.txt	2010
418	JUL, 18 2010-Ngwaliang Teba, Ngirangin Polusi Amunapi wigunan tebané.txt	2010
462	JUL, 18 2010-Takut Maledak, Konsumèn Jejeh Nganggèn Gas Élpiji.txt	2010
343	JUL, 18 2010-Teba, Tebén.txt	2010
476	JUL, 18 2010-Teba.txt	2010
282	JUL, 25 2010-I Pahang.txt	2010
408	JUL, 25 2010-Lumut-lumut Watulumbang (81).txt	2010
454	JUL, 25 2010-Luu.txt	2010
339	JUL, 25 2010-Malajah Makarya.txt	2010
339	JUL, 25 2010-Nincapnyané Pangajin Beras.txt	2010
667	JUL, 25 2010-Pagancan mangripta.txt	2010
802	JUL, 25 2010-Pagehang.txt	2010
1257	JUL, 25 2010-PEDIDI.txt	2010
569	JUL, 25 2010-Raré.txt	2010
55	JUL, 25 2010-Sopir taksi mawali demo.txt	2010
219	JUL, 25 2010-Wikan Main Drama.txt	2010
343	JUL, 4 2010-Anom-anomé taler Kadaut Dados Végetaris.txt	2010
1151	JUL, 4 2010-Bangun.txt	2010
236	JUL, 4 2010-LPD Pinaka Panekek Adat lan Budaya Bali.txt	2010
267	JUL, 4 2010-Nincapang Kasukertan, Ngeraketang Panyamabrayaan.txt	2010
317	JUL, 4 2010-Pemerintah Provinsi Bali Ngrencana Ngwangun Jalan Layang.txt	2010
364	JUL, 4 2010-Végetaris Sayan Nglimbak, Warung Végetarian Ngakéhang.txt	2010
232	JUL, 5 2010-KARYA RING PURA MERAJAN KANGINAN KASINEB.txt	2010
213	JUL, 5 2010-PASRAMAN ALIT DESA ADAT KEROBOKAN.txt	2010
177	JUL, 5 2010-PEMKAB GIANYAR NGANYARIN RING PURA SEMERU AGUNG.txt	2010
299	JUL, 5 2010-PEMPROV BALI NGATURANG BHAKTI PENGANYAR RING SEMERU.txt	2010
239	JUL, 8 2010-BASA BALI SAJRONING UPACARA PAWIWAHAN ADAT BALI.txt	2010
496	JUN, 13 2010-Jegeg Bagus Ka-pak Dug céng.txt	2010
486	JUN, 13 2010-LUMUT-LUMUT WATULUMBANG (75).txt	2010
331	JUN, 13 2010-Mala lan Sudamala.txt	2010
391	JUN, 13 2010-Manata Lacur.txt	2010
365	JUN, 13 2010-Wayang lan Suddhamala.txt	2010
210	JUN, 15 2010-DRESTA KUNA RING PURI AGUNG MENGWI.txt	2010
198	JUN, 15 2010-EEDAN KARYA PURA MERAJAN KANGINAN BESAKIH.txt	2010
255	JUN, 20 2010-Gambaran ring Témboké 1I.txt	2010
448	JUN, 20 2010-Kélangan.txt	2010
245	JUN, 20 2010-Molihang Kakalih Medali Emas.txt	2010
367	JUN, 20 2010-Pura Suniya Loka Gunung Srawet.txt	2010
201	JUN, 22 2010-PASANTIAN SEKAA PERTUNI BULELENG NGANGOBIN.txt	2010
184	JUN, 22 2010-PKB TETEP RAMYA KARAUHIN PANONTON.txt	2010
237	JUN, 22 2010-TAWUR GENTUH LAN PADANAAN RING PURA BUKIT DHARMA DURGA KUTRI.txt	2010
519	JUN, 27 2010-belog.txt	2010
339	JUN, 27 2010-Bisnis Busung, Bisnis Untung.txt	2010
447	JUN, 27 2010-Lumut-lumut Watulumbang (77).txt	2010
320	JUN, 27 2010-Séks Ala Bali II.txt	2010
1297	JUN, 27 2010-Tuba.txt	2010
397	JUN, 27 2010-Wicara Luhu ring Bali Mangda Kauratiang.txt	2010
447	JUN, 6 2010-Bekel Idup.txt	2010
684	JUN, 6 2010-Kakawin Sutasoma.txt	2010
232	JUN, 6 2010-Kundangan 4.txt	2010
431	JUN, 6 2010-Lumut-lumut Watulumbang (74).txt	2010
1183	JUN, 6 2010-Pianak.txt	2010
482	JUN, 6 2010-Pocol.txt	2010
218	JUN, 6 2010-Pura Pangrébongan Maiketan sareng Pura Dalem Muteran.txt	2010
165	MAR, 1 2010-DHARMA WACANA, CIHNA BAKTI MAJENG LELUHUR.txt	2010
224	MAR, 1 2010-PAMLASPASAN LAN PAWINTENAN YAYASAN GAJAH WAHANA.txt	2010
208	MAR, 1 2010-PRAJURU DESA PAKRAMAN UBUD KAPASTIKA GIANYAR.txt	2010
191	MAR, 1 2010-SERAH TERIMA ASET PD PASAR BADUNG.txt	2010
283	MAR, 14 2010-Aji Maya Sandhi; Boya Ja Maya-maya.txt	2010
329	MAR, 14 2010-Demam Penelitian ring Para Anom Baliné.txt	2010
1173	MAR, 14 2010-I Bérbi.txt	2010
476	MAR, 14 2010-Ilmiah.txt	2010
50	MAR, 14 2010-Indik Pilkadus kalotré, warga nembusang rasa tan cumpunyané ka bupati lan DPRD.txt	2010
336	MAR, 14 2010-Ketug-ketug Masolah ring Ajeng Walikota.txt	2010
462	MAR, 14 2010-Lumut-lumut Watulumbang (62) Nulut Sikut Keneh.txt	2010
303	MAR, 14 2010-Mangan lan Tanying.txt	2010
351	MAR, 14 2010-Ningkahang Awak.txt	2010
195	MAR, 14 2010-Puyung.txt	2010
362	MAR, 14 2010-Yowana Neliti, Napiké Kacingakin olih Pemerintah.txt	2010
242	MAR, 20 2010-KPI BALI NGAPTIANG KASUMEKENAN MEDIA NGEWANGIANG PANYEPIAN.txt	2010
310	MAR, 20 2010-NGARDININ GURU KAWISTARA, FKIP NUWEKANG PULA-PALI AGURON-GURON.txt	2010
590	MAR, 21 2010-Angawé Duhkita Ikang Rat.txt	2010
265	MAR, 21 2010-Bintang Ratna.txt	2010
1219	MAR, 21 2010-Cabup.txt	2010
219	MAR, 21 2010-Élah tur Gelis.txt	2010
456	MAR, 21 2010-Lumut-lumut Watulumbang (63) Trena-Windu.txt	2010
539	MAR, 21 2010-Pajak.txt	2010
372	MAR, 21 2010-Pajeg.txt	2010
604	MAR, 21 2010-Sepak Bola Tekén Tajén.txt	2010
222	MAR, 25 2010-BKKBN SARENG BABINSA NANGANIN KB.txt	2010
152	MAR, 25 2010-KAPOLDA, NUNASICAYANG KATREPTIAN PILKADA.txt	2010
199	MAR, 25 2010-NGAREPIN SESAIH ANTUK INOVASI MODE.txt	2010
216	MAR, 25 2010-WARGA BANDUNG MELED MELAJAH MASOLAH BALI.txt	2010
507	MAR, 28 2010-Anak Cinta Lingkungan.txt	2010
1112	MAR, 28 2010-Denda.txt	2010
347	MAR, 28 2010-Éling Ngeliling.txt	2010
488	MAR, 28 2010-Lumut-lumut Watulumbang (64).txt	2010
286	MAR, 28 2010-Mabuah jaka.txt	2010
380	MAR, 28 2010-Paguruang Sarahina.txt	2010
228	MAR, 30 2010-BETARA TURUN KABEH LAN PANYEGJEG KHAYANGAN DESA.txt	2010
487	MAR, 7 2010-Dados Sarjana Sangkaning Numbas Skripsi.txt	2010
1150	MAR, 7 2010-Gedénan Béa.txt	2010
706	MAR, 7 2010-Jujur.txt	2010
246	MAR, 7 2010-Lawak Bali Tamis-tamis Padem.txt	2010
260	MAR, 7 2010-Lontar Sundarigama lan Rahina Suci Agama Hindu.txt	2010
220	MAR, 7 2010-Nangiang Sistem Nyelehin Skripsi Nyaplak.txt	2010
376	MAR, 7 2010-Nempa.txt	2010
470	MAR, 7 2010-Ning.txt	2010
343	MAR, 7 2010-Numbas Skripsi Sangkaning Budaya Gelis.txt	2010
255	MAR, 7 2010-Paksi Lara.txt	2010
593	MAR, 7 2010-Raos Kutang-kutang.txt	2010
156	MEI, 13 2010-DAGANGE BUDAL RIKALA GALUNGAN, PASISI KUTA SEPI.txt	2010
141	MEI, 13 2010-RAHINAN GALUNGAN, SEKATAH WEWIDANGAN KATON SEPI.txt	2010
279	MEI, 16 2010-Baatan Anéh.txt	2010
418	MEI, 16 2010-Bendésa Mangda Nyarengin Nawengin Aids.txt	2010
426	MEI, 16 2010-Galungan, Galah Mulat Sarira.txt	2010
1196	MEI, 16 2010-KTP.txt	2010
481	MEI, 16 2010-Lumut-lumut Watu Lumbang (71).txt	2010
533	MEI, 16 2010-Pamidabdab Krama Lingsir.txt	2010
318	MEI, 16 2010-Pertiwi lan Seni.txt	2010
514	MEI, 16 2010-Tresna Guyu-guyu.txt	2010
260	MEI, 19 2010-DESA SANUR KAJA KATUREKSAIN TIM PROVINSI.txt	2010
170	MEI, 19 2010-WARGA NGAPTIANG MANGDA ASU RING KUBUTAMBAHAN KAELIMINASI.txt	2010
458	MEI, 2 2010-Hutan Bakau Suwung Nyerep CO2 Ngantos.txt	2010
326	MEI, 2 2010-Ngirangin Polusi antuk Hutan Bakau.txt	2010
280	MEI, 2 2010-Subak.txt	2010
586	MEI, 23 2010-Anak Bali Senin.txt	2010
376	MEI, 23 2010-Kania.txt	2010
336	MEI, 23 2010-Maturan Kaeng.txt	2010
488	MEI, 23 2010-Nabdab Anak Alit.txt	2010
375	MEI, 23 2010-Ngamong Bajang.txt	2010
346	MEI, 23 2010-Ngitung Utang Pariwisata ka Bali.txt	2010
674	MEI, 23 2010-Perang Magibung Senin.txt	2010
1586	MEI, 23 2010-Soca Ulunangen.txt	2010
436	MEI, 30 2010-Kedas.txt	2010
471	MEI, 30 2010-Lumut-lumut Watulumbang (73)Musuh lan Perang.txt	2010
299	MEI, 30 2010-Nangiang Sanghyang.txt	2010
446	MEI, 30 2010-Nga-facebook.txt	2010
566	MEI, 30 2010-Suluh.txt	2010
577	MEI, 30 2010-Tanjekan Taksu ring Pura Sanghyang Pitik.txt	2010
244	MEI, 30 2010-Wayang Sapuh Légér.txt	2010
456	MEI, 9 2010-Kasusilaning Ajahan Karma Yoga.txt	2010
375	MEI, 9 2010-Makenyem.txt	2010
243	MEI, 9 2010-Semangat Kartini.txt	2010
375	MEI, 9 2010-Sertifikasi Guru lan Dagang Seminar.txt	2010
310	NOV, 14 2010-Kukuh Bakuh .txt	2010
485	NOV, 14 2010-Lumut-lumut Watulumbang (97) Jurang Idep.txt	2010
578	NOV, 14 2010-Radikal.txt	2010
749	NOV, 14 2010-Sertifikat(si).txt	2010
118	NOV, 14 2010-Surya Candra Aksara.txt	2010
419	NOV, 14 2010-Tumbuhnyané Radikalisme Agama ring Para Sisya.txt	2010
140	NOV, 21 2010-Énérgi Dapur Magma.txt	2010
313	NOV, 21 2010-Gempa Tektonik Ngawinang Nincapnyané Aktivitas Gunung Batur.txt	2010
465	NOV, 21 2010-Gunung.txt	2010
480	NOV, 21 2010-Lumut-lumut Watu Lumbang (98) Munuh.txt	2010
46	NOV, 21 2010-Ring Tabanan, guru kapaksa numbas seragam batik.txt	2010
252	NOV, 21 2010-Sayaga.txt	2010
429	NOV, 21 2010-Seléksi CPNS Katarka Sarat Antuk Suap.txt	2010
360	NOV, 21 2010-Waspada Batur.txt	2010
275	NOV, 28 2010-Catur Dharma LPD.txt	2010
440	NOV, 28 2010-Lumut-Lumut Watu Lumbang (99) Gegendong.txt	2010
458	NOV, 28 2010-Ngulati LPD Pinaka Labda Pacingkreman Désa.txt	2010
311	NOV, 7 2010-Ajeg Indonésia, Numbuhang Kabhinékan.txt	2010
554	NOV, 7 2010-Ciri .txt	2010
348	NOV, 7 2010-Harga Mati Tolak Géothermal PLTP Bedugul.txt	2010
254	NOV, 7 2010-Makeplug.txt	2010
935	NOV, 7 2010-Tumbal.txt	2010
197	NOV, 7 2010-Wahya Santosa Raga Tan Patresna.txt	2010
409	OKT, 10 2010-Anggaran Béasiswa Miskin Kakirangin.txt	2010
57	OKT, 10 2010-Email Salim nganikayang, Proyék Géothermal tan cocok sareng Budaya Bali.txt	2010
398	OKT, 10 2010-Lumut-lumut Watu Lumbang (92) Sanggama Rahasya.txt	2010
239	OKT, 10 2010-Plastik Benyah.txt	2010
337	OKT, 10 2010-Plastik Organik.txt	2010
481	OKT, 10 2010-Rerajahan.txt	2010
445	OKT, 17 2010-Lumut-lumut Watulumbang (93) Mantra Gelar-gelur.txt	2010
325	OKT, 17 2010-Numbas Toya Ning.txt	2010
482	OKT, 17 2010-Suung.txt	2010
382	OKT, 17 2010-Toya Inum.txt	2010
247	OKT, 24 2010-Saking Suci Metu Bagia.txt	2010
332	OKT, 25 2010-19 WARSA LPD CANGGU, ASET NGANTOS 38 MILYAR RUPIAH.txt	2010
583	OKT, 3 2010-NGRAGA.txt	2010
940	OKT, 3 2010-Pekak Jéngki.txt	2010
452	OKT, 3 2010-Saraswati.txt	2010
483	OKT, 3 2010-Sedah.txt	2010
271	OKT, 3 2010-Tetamian Buku.txt	2010
1468	OKT, 30 2010-Déwan Togél.txt	2010
305	OKT, 31 2010-Buruh.txt	2010
593	OKT, 31 2010-Luh.txt	2010
439	OKT, 31 2010-Lumut-lumut Watu Lumbang (95) Gaé Gedé Gumi Cenik.txt	2010
506	OKT, 31 2010-Saking Mapanak Bareng Ngantos Kasepékang.txt	2010
317	OKT, 31 2010-Taksun Adat.txt	2010
204	OKT, 6 2010-APRESIASI AGRIBISNIS PENYULUH PERTANIAN.txt	2010
184	SEP, 12 2010-Engsap.txt	2010
555	SEP, 12 2010-Ganyang Malaysia.txt	2010
253	SEP, 12 2010-Juara Layang-layang Internasional.txt	2010
439	SEP, 12 2010-Maubat Arternatif, Maubad Jangkep.txt	2010
402	SEP, 12 2010-Parikosa ring Ari.txt	2010
465	SEP, 12 2010-Salampah Laku, Kapiangen ring Peranda Madé Sidemen.txt	2010
394	SEP, 19 2010-Istri Utama.txt	2010
536	SEP, 19 2010-Krama Tamiu Mangda Katuréksa Ketat.txt	2010
457	SEP, 19 2010-Lumut-lumut Watulumbang (89) Layah.txt	2010
206	SEP, 19 2010-Mategtegan.txt	2010
334	SEP, 19 2010-Nandur.txt	2010
395	SEP, 19 2010-Saling Intip.txt	2010
491	SEP, 19 2010-Tunu Tani.txt	2010
646	SEP, 19 2010-Wayang.txt	2010
444	SEP, 19 2010-Yakti, Yowana Bali Mawali ka Pertanian.txt	2010
339	SEP, 26 2010-Dresta Makemit Patut Katincapang Malih.txt	2010
232	SEP, 26 2010-Ka Pura Patut Nganutin Dresta.txt	2010
421	SEP, 26 2010-Ngemit Pratima, Krama Bali Patut Nganggén Téknologi.txt	2010
1298	SEP, 26 2010-SMS.txt	2010
256	SEP, 26 2010-Waliang Sengker Niskala Baliné.txt	2010
389	SEP, 5 2010-Bégal Ngakéhang Makacihna Masyarakaté Sungkan.txt	2010
496	SEP, 5 2010-Ngwangun Yowana sané Bébas Narkoba.txt	2010
809	SEP, 5 2010-Operasi.txt	2010
368	SEP, 5 2010-Selem.txt	2010
383	SEP, 5 2010-Unteng Kauripan.txt	2010
395	AGUST, 14 2011-AWIG-AWIG.txt	2011
679	AGUST, 14 2011-Kautaman Miwah Kaagungan Wilangan Sia.txt	2011
200	AGUST, 14 2011-Lascarya Dasar Kalepasan.txt	2011
414	AGUST, 14 2011-Lumu-lumut Watulumbang (135).txt	2011
398	AGUST, 14 2011-Moksa.txt	2011
388	AGUST, 14 2011-Nyabran Rahina Bali Sayan Kosek.txt	2011
418	AGUST, 21 2011-Anak Lingsir.txt	2011
257	AGUST, 21 2011-Duta Bali.txt	2011
674	AGUST, 21 2011-Ibu.txt	2011
439	AGUST, 21 2011-Kuang Kréatif.txt	2011
152	AGUST, 21 2011-Lansia; Makéh sané Keni Pinyungkan.txt	2011
489	AGUST, 21 2011-Lumut-lumut Watulumbang (136)-baya maboya.txt	2011
461	AGUST, 21 2011-Makasami Margi Désa ring Buléléng Pacang Kahotmik.txt	2011
387	AGUST, 21 2011-Nak Tua.txt	2011
37	AGUST, 21 2011-Pansus RTRW Dénpasar, nulak pawangunan rumah susun..txt	2011
904	AGUST, 21 2011-Véteran-I Made Sugianto.txt	2011
187	AGUST, 28 2011-Dharmaning Negara.txt	2011
464	AGUST, 28 2011-Korupsi, Ngawé Manah Veterané Sungsut.txt	2011
313	AGUST, 28 2011-Kuputra.txt	2011
235	AGUST, 28 2011-Manggala Adat Patut Nelebin Panca Ah.txt	2011
904	AGUST, 28 2011-Ngulati Akung.txt	2011
281	AGUST, 28 2011-Nyaluk Grehasta.txt	2011
1017	AGUST, 28 2011-Pesbuk.txt	2011
476	AGUST, 28 2011-Sampunang Nangiang Manggala Adat Sangkaning Briuk Siu.txt	2011
422	AGUST, 7 2011-Kasus KDRT ring Buléléng Nincap.txt	2011
273	AGUST, 7 2011-Patut Yatna Makarya Program.txt	2011
232	APR, 10 2011-Bahasa Asing Sampunang Kakelidin.txt	2011
1291	APR, 10 2011-BÉGAL.txt	2011
458	APR, 10 2011-Cacad.txt	2011
345	APR, 10 2011-Ketikusan.txt	2011
513	APR, 10 2011-Lumut-lumut Watulumbang (117).txt	2011
40	APR, 10 2011-Né penting danané sampun telas.txt	2011
318	APR, 10 2011-Nukain Ceda.txt	2011
119	APR, 10 2011-Nyepi.txt	2011
400	APR, 17 2011-Arabisasi.txt	2011
456	APR, 17 2011-Djanger Makadang Sareng Dancer.txt	2011
414	APR, 17 2011-Kota.txt	2011
299	APR, 17 2011-Ruko Soleh.txt	2011
325	APR, 17 2011-Tain Belék Tain Blenget.txt	2011
459	APR, 24 2011-Rahina, Raina, R‚na, Rena, Rna.txt	2011
321	APR, 24 2011-Sareng Midabdabin Sutra Liar.txt	2011
499	APR, 24 2011-Uled Kedondong, Uled Dadap, Ngasilang Sutra Liar.txt	2011
373	APR, 24 2011-Wangunan Bandara Buléléng Pacang Kajangkepin Jalan Tol.txt	2011
493	APR, 3 2011-Anak Istri.txt	2011
296	APR, 3 2011-Loka Saba Pinandita Sanggraha Nusantara Korwil Bali.txt	2011
482	APR, 3 2011-Lumut-lumut Watulumbang (116).txt	2011
260	APR, 3 2011-Palebon ring Puri Agung Kesiman.txt	2011
258	DES, 11 2011-Bulutangkis Pinaka Olahraga sané Prasida Ngamedalang Préstasi.txt	2011
188	DES, 11 2011-Nemuang Biosurfaktan Deterjen Cair.txt	2011
286	DES, 11 2011-Ngawigunayang Selulosa Eceng Gondok Anggén Biosurfaktan Deterjen Cair.txt	2011
514	DES, 11 2011-Panes.txt	2011
1098	DES, 11 2011-Rajan Bikul.txt	2011
264	DES, 11 2011-Ri Kala Manusa Marebut Idup.txt	2011
477	DES, 4 2011-Lumut-lumut Watulumbang (150) Ngidih Teken Awak.txt	2011
531	FEB, 13 2011-Daridra.txt	2011
352	FEB, 13 2011-Gedé Embuk.txt	2011
456	FEB, 13 2011-Juni, Pacang Kamedalang Kartu JKBM.txt	2011
241	FEB, 13 2011-Krama Baliné Kantun Jemet.txt	2011
1143	FEB, 13 2011-Waliang.txt	2011
187	FEB, 16 2011-NANGANIN KATREPTIAN SADURUNG NYEPI.txt	2011
251	FEB, 16 2011-Nyiapang Sarana Ogoh-Ogoh.txt	2011
698	FEB, 20 2011-Arisan.txt	2011
76	FEB, 20 2011-Gumi wayah.txt	2011
398	FEB, 20 2011-Kirang, Indik Pengawasan Penduduk Pendatang.txt	2011
480	FEB, 20 2011-Lumut-lumut Watu Lumbang (111).txt	2011
340	FEB, 20 2011-Mayasa Mati.txt	2011
382	FEB, 20 2011-Ngabén Mudah Alah Banjar Pitik.txt	2011
388	FEB, 20 2011-Sang Pandu Ngwana Prasta.txt	2011
1088	FEB, 27 2011-Cicing Kasanga.txt	2011
666	FEB, 27 2011-Gelar.txt	2011
360	FEB, 27 2011-Guru Besar Patut Mabuat Majeng Para Janané.txt	2011
404	FEB, 27 2011-Guru Besar Patut Wénten Ring Tengahing Masyarakat.txt	2011
449	FEB, 27 2011-Linggih Luih-Mata.txt	2011
453	FEB, 27 2011-Lumut-lumut Watulumbang (112).txt	2011
46	FEB, 27 2011-Malih kramané makraikan, malih oknum pejabaten mamongol..txt	2011
338	FEB, 27 2011-Satus “Krama Buduh” Kajatah Umah Anyar.txt	2011
575	FEB, 6 2011-Jegég.txt	2011
592	FEB, 6 2011-Tetaneman Anggén Mreténin Raga.txt	2011
400	FEB, 6 2011-Tetaneman Bali lan Lontar Rukmini Tattwa.txt	2011
322	FEB, 6 2011-Ubad Aluh, Ubad Mudah.txt	2011
342	JAN, 16 2011-Benyah Latig.txt	2011
575	JAN, 16 2011-Biang.txt	2011
504	JAN, 16 2011-Global Warming.txt	2011
489	JAN, 16 2011-Lmut-lumut Watu Lumbang (106).txt	2011
458	JAN, 2 2011-Isin Gumi rahina Anggara-.txt	2011
1205	JAN, 2 2011-NGABDI.txt	2011
698	JAN, 2 2011-Pikobet Anyar ring Basa Bali-.txt	2011
393	JAN, 2 2011-Sang Pandu Rindu.txt	2011
592	JAN, 23 2011-Basa Baliné ring Sulawesi Utara Mwah Manado.txt	2011
229	JAN, 23 2011-Linggih Luih.txt	2011
468	JAN, 23 2011-Lumut-lumut Watu Lumbang (107) Tuwi.txt	2011
1198	JAN, 23 2011-Sengpéngot.txt	2011
319	JAN, 23 2011-Winaya Maboya.txt	2011
217	JAN, 27 2011-DINAS KEBUDAYAAN MASTIKAYANG 3 WEWIDANGAN NGRANJING TATAMIAN BUDAYA DUNIA.txt	2011
286	JAN, 27 2011-YAYASAN DHARMA YATERA PEGUYANGAN MATAKI-TAKI.txt	2011
368	JAN, 30 2011-Dados CPNS Perlu Prabéa sané Ageng.txt	2011
289	JAN, 30 2011-Maradioan.txt	2011
332	JAN, 30 2011-Radio Komunitas.txt	2011
1250	JAN, 9 2011-Jro Bukit.txt	2011
252	JAN, 9 2011-Pengelola Obyek Wisata Alas Kedaton.txt	2011
365	JUL, 10 2011-Transmigran Bali, dados Jadma Mahardika.txt	2011
343	JUL, 17 2011-Film Dokumenter.txt	2011
573	JUL, 17 2011-Film.txt	2011
466	JUL, 17 2011-Lumut-lumut Watulumbang (131).txt	2011
628	JUL, 17 2011-Napi.txt	2011
540	JUL, 17 2011-Ngitungang Gumi.txt	2011
900	JUL, 17 2011-Tri Hita Karana ring Macan Radén.txt	2011
1071	JUL, 24 2011-Sampunang Nganggé Narkoba.txt	2011
1616	JUL, 24 2011-Tuah Cekcek, Luh.txt	2011
424	JUL, 3 2011-Berung Bojog.txt	2011
482	JUL, 3 2011-Lumut-lumut Watulumbang (129).txt	2011
377	JUL, 3 2011-Ngulati Taksu Bali ring PKB.txt	2011
393	JUL, 3 2011-Pariwisata Bali, Kakuasayang Invéstor.txt	2011
209	JUL, 3 2011-PKB Kantun Mataksu.txt	2011
528	JUL, 3 2011-PKB, Pepayasan Akebyasan.txt	2011
382	JUL, 3 2011-PKB.txt	2011
491	JUL, 3 2011-PKB-JUNIARTHA.txt	2011
575	JUN, 12 2011-Becica Nguricak.txt	2011
424	JUN, 12 2011-Iptek Ring Kiwa Imtak ring Tengen.txt	2011
976	JUN, 12 2011-Suryané Redup.txt	2011
399	JUN, 12 2011-Taru Tenget, Ngajegang Alam Antuk “Mitos”.txt	2011
458	JUN, 19 2011-Lumut-lumut Watulumbang (127).txt	2011
473	JUN, 19 2011-Madagang ring PKB, Ngudiang Nénten Dados.txt	2011
202	JUN, 19 2011-Ngadugang Kesenian lan Dagang.txt	2011
1159	JUN, 26 2011-Bapa Durus.txt	2011
54	JUN, 26 2011-Becikan malaib krana tan madue jinah.txt	2011
650	JUN, 26 2011-Bogbog.txt	2011
213	JUN, 26 2011-Carik di Bali, Ilang.txt	2011
492	JUN, 26 2011-Lumut-lumut Watulumbang (128).txt	2011
521	JUN, 26 2011-Matanja Bias Pasih.txt	2011
200	JUN, 26 2011-Ngicénin Genah lan Galah.txt	2011
304	JUN, 26 2011-Ngruruh Unteng Gambelan.txt	2011
353	JUN, 26 2011-Pagawé Kontrak Wantah Negak-negak Kémanten.txt	2011
361	JUN, 26 2011-Pemerintah Ten Rungu, Pertanian Bali Kaabénang.txt	2011
449	JUN, 26 2011-Pésta.txt	2011
355	JUN, 26 2011-Petani Krama Bali.txt	2011
594	JUN, 26 2011-Tindih.txt	2011
272	MAR, 1 2011-GUbernur Sembahyang Ring Gunung Raung.txt	2011
257	MAR, 1 2011-Pengobatan Gratis Ring Taro Kaja.txt	2011
217	MAR, 1 2011-Tawur Labuh Gentuh di Pura Agung Besakih.txt	2011
902	MAR, 13 2011-Dadong Inges.txt	2011
237	MAR, 13 2011-Galah Madegdegan lan Nuréksain Raga.txt	2011
210	MAR, 13 2011-Ida Ayu Kadé Januartini.txt	2011
447	MAR, 13 2011-Ngrupuk Ngrépak.txt	2011
485	MAR, 13 2011-Nyepi.txt	2011
449	MAR, 13 2011-Selagan Susu.txt	2011
222	MAR, 25 2010-YUDISIUM SARJANA XLI FS. UNWAR.txt	2011
430	MAR, 27 2011-Nangiang Widya Pataka.txt	2011
340	MAR, 27 2011-Pangawi Bali.txt	2011
651	MEI, 1 2011-I Kedis Perit Mayah Utang.txt	2011
256	MEI, 1 2011-Kupu-kupu Ngindang Peteng.txt	2011
537	MEI, 1 2011-Ulian Backstreet.txt	2011
345	MEI, 15 2011-20 Tiban Jagi Rauh, Pertanian Baliné Telas.txt	2011
187	MEI, 15 2011-Carik Beton.txt	2011
452	MEI, 15 2011-Lumut-lumut Watulumbang (122).txt	2011
437	MEI, 15 2011-Ngalap Kasor.txt	2011
439	MEI, 15 2011-Sabda.txt	2011
302	MEI, 15 2011-Sastra Garjita.txt	2011
899	MEI, 15 2011-Tresnan Mémé.txt	2011
379	MEI, 22 2011-Bangka.txt	2011
396	MEI, 22 2011-Karahayuan.txt	2011
467	MEI, 22 2011-Lumut-lumut Watulumbang (123).txt	2011
1445	MEI, 22 2011-Pangeger.txt	2011
449	MEI, 22 2011-Tamat Masekolah.txt	2011
281	MEI, 22 2011-Tetep Ngwantu Sameton ring Karangasem.txt	2011
310	MEI, 29 2011-Ajeg Bali pinaka Énci.txt	2011
471	MEI, 29 2011-Lumut-lumut Watulumbang (124).txt	2011
364	MEI, 29 2011-Ngadep Warisan, Meli Gegaén.txt	2011
421	MEI, 29 2011-Siuan Krama Bali Idupnyané KantunTuara.txt	2011
1114	MEI, 29 2011-Sundel Tanah.txt	2011
328	MEI, 8 2011-Bali Magelimang Dolar, Petani Tetep Tuara.txt	2011
595	MEI, 8 2011-Ipun.txt	2011
412	MEI, 8 2011-Lala-Lulu.txt	2011
489	MEI, 8 2011-Lumut-lumut Watulumbang (121).txt	2011
215	MEI, 8 2011-Pandé Ketut Wéna.txt	2011
1135	MEI, 8 2011-Srinem.txt	2011
302	NOV, 13 2011-Don Waru, “Obat Batuk Herbal”.txt	2011
1165	NOV, 13 2011-Doser.txt	2011
310	NOV, 13 2011-IDK Raka Kusuma_Rurung di Tanggun Desa.txt	2011
570	NOV, 13 2011-Inan Balian.txt	2011
485	NOV, 13 2011-Lumut-lumut Watulumbang (144) Rambut di Langit.txt	2011
376	NOV, 13 2011-Neliti Don Waru Anggén Nambanin Dekah.txt	2011
464	NOV, 13 2011-Nganggur.txt	2011
227	NOV, 13 2011-Ombak, Karang, lan Cerita I Kadasih.txt	2011
282	NOV, 13 2011-Tamba Nampek.txt	2011
411	NOV, 13 2011-Tresna ring Sentana.txt	2011
388	NOV, 13 2011-Yatna ring Masan Sabeh.txt	2011
485	NOV, 20 2011-Lumut-lumut Watulumbang (148) Bangkung Kangkang Ing Kaung.txt	2011
165	NOV, 20 2011-Nglimbakang Topéng Lokal.txt	2011
355	NOV, 20 2011-Saking Buléléng, Nangiang Seni Topéng Bali.txt	2011
522	NOV, 20 2011-Tapel.txt	2011
376	NOV, 20 2011-Wayang Wong Téjakula dados Uratian Jagat.txt	2011
400	NOV, 27 2011-Bali Kadadosang Targét Bisnis Narkoba.txt	2011
413	NOV, 6 2011-Alit-alit Baliné Ngejotang Angkihang ring Marginé.txt	2011
227	NOV, 6 2011-Duh Ratnayu Ndatan Pasiring Nindyéng Sarat.txt	2011
258	NOV, 6 2011-IBG Pujaastawa Sangkaning Méntalitas.txt	2011
727	NOV, 6 2011-Ngusaba Jagat ring Pura Agung Kentel Gumi Klungkung.txt	2011
47	NOV, 6 2011-Pawarah Kapolda Bali, anak alit sané nyopir patut kajuk.txt	2011
249	OKT, 16 2011-Dueg Duegin.txt	2011
180	OKT, 16 2011-Manajemen MALU.txt	2011
116	OKT, 2 2011-Jit Melekus.txt	2011
264	OKT, 2 2011-Makarya Tipi.txt	2011
434	OKT, 2 2011-Média.txt	2011
309	OKT, 2 2011-MPTV-Online.txt	2011
1260	OKT, 2 2011-Mua Badak.txt	2011
461	OKT, 2 2011-Roang.txt	2011
920	OKT, 2 2011-Séks ring Kama Bang Kama Putih.txt	2011
300	OKT, 2 2011-Seneng Makarya Puisi Bali.txt	2011
158	OKT, 23 2011-Karangasem Yatna ring Flu Burung.txt	2011
329	OKT, 23 2011-Nganggén Wastan Tokoh Wayang Pinaka Wastan Pianak.txt	2011
203	OKT, 23 2011-Prof. Dr. I Madé Titib Pinaka Tetuladan.txt	2011
527	OKT, 30 2011-Duta Bali ring OPSI 2011.txt	2011
525	OKT, 30 2011-Kontingén Siswa Bali Juara Umum Tiga ring OPSI 2011.txt	2011
179	OKT, 30 2011-Penghargaan “Anugrah Basa Sugriwa lan Sastra Tantular”.txt	2011
251	OKT, 30 2011-Pradnyan.txt	2011
177	OKT, 30 2011-Ring Sekolah.txt	2011
647	OKT, 9 2011-Budaya, Adat, Maagama Hindu.txt	2011
372	OKT, 9 2011-Kramané Marebatin Genah; Bandara Internasional Katulakang.txt	2011
345	OKT, 9 2011-Pitrayana.txt	2011
1574	OKT, 9 2011-Shanti.txt	2011
640	SEP, 11 2011-Massal.txt	2011
503	SEP, 11 2011-Yadnya Massal Gratis Nénten Satata Becik.txt	2011
343	SEP, 18 2011-Gadang.txt	2011
419	SEP, 18 2011-Isin Basang.txt	2011
563	SEP, 18 2011-Lulusan Tan Katampung, Pengangguran Ngalimbak.txt	2011
284	SEP, 18 2011-Makréasi.txt	2011
475	SEP, 18 2011-Ngabén Gebogan, Nulungin Krama Tiwas.txt	2011
282	SEP, 18 2011-Ngajahin Ngaryanin Srana Banten.txt	2011
288	SEP, 18 2011-Puisi; Kruna lan Lengkara.txt	2011
483	SEP, 25 2011-Ati Putih Lumut-lumut Watulumbang (141).txt	2011
188	SEP, 25 2011-Bayuh Oton, Mangda Satata Éling.txt	2011
405	SEP, 25 2011-Mabayuh Mangda Dayuh.txt	2011
353	SEP, 25 2011-Ngaptiang Rahayu Majalaran Antuk Bayuh Oton.txt	2011
497	SEP, 25 2011-Parindikan Kasus Adat Sayan Nyebetang.txt	2011
181	SEP, 4 2011-JKBM, Durung Tepat Sasaran.txt	2011
432	SEP, 4 2011-Masuluh saking Asil Penelitian.txt	2011
641	SEP, 4 2011-MATELISI.txt	2011
297	SEP, 4 2011-Seger.txt	2011
1195	SEP, 4 2011-Semara Dudu.txt	2011
485	APR, 1 2012-Pertanian ring Era Global.txt	2012
1067	APR, 1 2012-Ulian Adan.txt	2012
236	APR, 1 2012-Upacara Mabiukukungan.txt	2012
501	APR, 1 2012-WARSA ANYAR NAMPI SASIH KADASA.txt	2012
339	APR, 15 2012-Nglebur 'Mala', Nyuciang Angga ring Pura Selukat.txt	2012
490	APR, 15 2012-Tirta Empul Pinaka Genah Melukat Anggén Ngicalang Kaletehan.txt	2012
412	APR, 15 2012-Upacara Sad Kertih.txt	2012
385	APR, 22 2012-Mabuat pisan Numbuhang Nilai-Nilai Sosial.txt	2012
376	APR, 22 2012-Tan Wusan Makesenian.txt	2012
365	APR, 29 2012-I Putu Krisna Mahendradipta Wijana Molihang Emas Taékwondo.txt	2012
371	APR, 29 2012-Nathifa Mapikolih Tiga Medali Emas Porjar.txt	2012
307	APR, 8 2012-Canang Sari pinaka Nyasa Kasucian lan Rasa Lascarya.txt	2012
428	APR, 8 2012-Canang Sari Pinaka Sarana Upakara sané Utama.txt	2012
491	APR, 8 2012-Déwi Saraswati (1).txt	2012
314	APR, 8 2012-Ida Batara Turun Kabéh ring Besakih.txt	2012
473	APR, 8 2012-Upacara Otonan 'Nelu Bulanin'.txt	2012
594	AUG, 12 2012-I KAKI DENGKIL Wiku-Nata Tuna.txt	2012
664	AUG, 12 2012-Kawéntenan Pénjor Ri kala Rahinan Galungan.txt	2012
365	AUG, 12 2012-Nyuciang Angga, Ngicalang Kaletehan.txt	2012
372	AUG, 12 2012-Rasa Éling Yowana Sajeroning Makarya Pénjor Galungan Patut Tincapang.txt	2012
819	AUG, 12 2012-Sugihan Jawa Napi Sugihan Bali.txt	2012
437	AUG, 26 2012-Dresta Ngejot, Jalaran Ngukuhang Manyama Braya.txt	2012
266	AUG, 26 2012-Éédan Karya Pujawali Pura Luhur Batukau.txt	2012
546	AUG, 5 2012-Jagal.txt	2012
559	AUG, 5 2012-Ngastiti Déwa Sangkara.txt	2012
410	AUG, 5 2012-Ngwangun Karakter Wangsa Antuk Seni Budaya.txt	2012
595	AUG, 5 2012-Tumpek Wariga Jalaran Ngajiang Sarwa Tumuwuh.txt	2012
398	DES, 16 2012-Rencana Margi Anyar Bedugul-Singaraja.txt	2012
547	DES, 2 2012-Genah Malilacita Saha Malajahin Sejarah Bali.txt	2012
1089	DES, 2 2012-Pendem Sasampuné Padem.txt	2012
161	DES, 2 2012-Somah.txt	2012
576	DES, 23 2012-Kajumenengang Prabu ring Anga.txt	2012
425	DES, 24 2012-Kajang, Sarana Sarat Nilai Éstetika lan Sakral.txt	2012
966	DES, 24 2012-Saking Tuhu Manah Guru.txt	2012
957	DES, 9 2012-Basa Bali Alus ring Lagu Pop Bali Song Brerong.txt	2012
361	DES, 9 2012-Katah Kendaraan Bermotor Ngawetuang Kecelakaan Lalulintas.txt	2012
418	FEB, 12 2012-Astha Basu.txt	2012
308	FEB, 12 2012-Leluhur.txt	2012
463	FEB, 26 2012-Agama Kalis Magama Kelés_Lumut-lumut watulumbang.txt	2012
692	FEB, 5 2012-I Kaki Dengkil_Nyiwalatri.txt	2012
679	FEB, 5 2012-Nerakaloka.txt	2012
651	JAN, 22 2012-I Kaki Dengkil; Mamanah Matakén ring Sang Angawarat.txt	2012
690	JAN, 22 2012-Saking workshop lan lomba ngambar ring baju kaos.txt	2012
354	JAN, 22 2012-Tanah Bali Boya Ja Tetamian Dados Adol.txt	2012
308	JAN, 29 2012-Aget Lacur.txt	2012
415	JAN, 29 2012-Biopéstisida Anggén Busuk Batang Panili.txt	2012
313	JAN, 29 2012-Niskriya.txt	2012
549	JUL, 1 2012-I KAKI DENGKIL.txt	2012
441	JUL, 1 2012-Kréativitas Pengrajin Pérak ring Désa Kamasan Klungkung, Tan Naén Rered.txt	2012
380	JUL, 1 2012-Pesatnyané Maédar Narkoba, Sayan Ngancan Kauripan.txt	2012
259	JUL, 15 2012-Pacang Ngwetuang Tugas sané Abot.txt	2012
669	JUL, 8 2012-Dresta Upacara Ngusaba Dangsil Ring Désa Adat Bungaya, Karangasem.txt	2012
552	JUL, 8 2012-Magérét Pandan,Tradisi Kuno Majeng Déwa Indra.txt	2012
534	JUN, 17 2012-Air Panas Banyuwedang.txt	2012
487	JUN, 17 2012-Kaonyané Palemahan Bali Sayan Nyejehin.txt	2012
468	JUN, 24 2012-Pendidikan Antikorupsi Pacang Kajahin Ring Sekolah.txt	2012
515	JUN, 24 2012-Polih Makarya Pinaka Pengusaha Batako.txt	2012
521	MAR, 11 2012-Rurung Idup Rurung Idup.txt	2012
553	MAR, 11 2012-Sagara-Giri Adu Muka ring Gunung Payung.txt	2012
449	MAR, 18 2012-Angen Sang Manik Sajroning Garba.txt	2012
181	MAR, 25 2012-Muyungin Raga.txt	2012
1289	MEI, 20 2012-Bogbog Ajum.txt	2012
363	MEI, 20 2012-Sekolah Negeri Nénten Kadadosang Nuduk Biaya Awal Tahun.txt	2012
544	MEI, 27 2012-Mlajahin Karakter Malarapan Wayang.txt	2012
650	NOV, 18 2012-I Kaki Dengkil Japa.txt	2012
257	NOV, 18 2012-Ngawigunayang Sisan Watu Padas Manados Kerajinan Patung.txt	2012
702	NOV, 4 2012-Mitos Mesti Kaimbangin Antuk Analisa Medis.txt	2012
491	NOV, 4 2012-Pasupati Sastra Pikolih Sang Sujana Mautama.txt	2012
340	OKT, 14 2012-Kemulan Taksu, Maniféstasi Kréatifitas Manusa.txt	2012
726	OKT, 14 2012-Taksu Pacang Langgéng Yéning Kayun Setata Mlajahang.txt	2012
503	OKT, 14 2012-TUNTUNAN KARAKTER WANGSA.txt	2012
1250	OKT, 21 2012-Event Organizer.txt	2012
661	OKT, 21 2012-I Kaki Dengkil-belog.txt	2012
402	OKT, 21 2012-PENDIDIKAN KARAKTER.txt	2012
591	OKT, 21 2012-Radhéya Mambek Suputra Luih.txt	2012
925	OKT, 7 2012-Katawahan Wentuk Tapel Bali Manut Fungsi.txt	2012
429	OKT, 7 2012-TUNTUNAN KARAKTER WANGSA.txt	2012
876	SEP, 16 2012-Makudang-Kudang Tradisi ring Bali.txt	2012
457	SEP, 2 2012-Bali Kadadosang Objék Dagangan.txt	2012
285	SEP, 2 2012-Bénténg Pertahanan Krama Hindu.txt	2012
648	SEP, 2 2012-Kuningan, Ka – Uningan Molihang Kaweruhan.txt	2012
589	SEP, 23 2012-Kemiskinan ring Tengah Derasnyané Gemerincing Dolar.txt	2012
357	SEP, 23 2012-Pujawali Ngusaba Purnamaning Sasih Kapat ring Pura Tuluk Biyu Batur.txt	2012
443	SEP, 9 2012-Miras Sering Ngawinang Aksi Kriminalitas.txt	2012
587	APR, 14 2013-I Kaki Dengkil_Satya.txt	2013
825	APR, 14 2013-Ngrajegang Bali Malarapan Ajahan Sad Kertih.txt	2013
625	APR, 14 2013-Tilik tur Tenang pinaka Kunci Keberhasilan.txt	2013
699	APR, 21 2013-I Kaki Dengkil_Moha.txt	2013
387	APR, 21 2013-KELAPA MAWIT SAKING PRABUN BHATARA BRAHMA.txt	2013
243	APR, 21 2013-Nenten mesti setata Katengetang.txt	2013
673	APR, 21 2013-Ujian Nasional Sampunang Kajejehin.txt	2013
233	APR, 28 2013-Pantaraning Dalang sajeroning Dharma Pawayangan.txt	2013
485	APR, 28 2013-Wayang Kulit Bali Tontonan sané Madaging Tuntunan.txt	2013
760	APR, 7 2013-Aran Manusa Bali, Sarat Nilai Budaya Tradisi.txt	2013
500	APR, 7 2013-Busung Sulawesi ring Rerahinan Jagat Bali.txt	2013
573	APR, 7 2013-Embas Gatotkaca.txt	2013
367	APR, 7 2013-Ngulapin, Mawali Nincapang.txt	2013
406	APR, 7 2013-Ngulati Tumbuh kembang Anak Alit, Kakawitin saking Mendem Ari-Ari.txt	2013
588	APR, 7 2013-Porosan, Sarana Bhakti majeng Bhatara Tri Murti.txt	2013
376	AUG, 11 2013-Banyu Pinaruh Rahina Nunas Toya Kaweruhan.txt	2013
841	AUG, 11 2013-Baya lan Pituduh.txt	2013
504	AUG, 11 2013-Genah Melukat Sebatu Ngicalang Mala lan Nyuciang Angga.txt	2013
716	AUG, 11 2013-I Kaki Dengkil_sah.txt	2013
754	AUG, 11 2013-Kautaman Sang Yudistira (1).txt	2013
249	AUG, 11 2013-Mawit Sekala lan Niskala.txt	2013
516	AUG, 11 2013-Nerima Penghargaan Upakarti.txt	2013
669	AUG, 18 2013-Keutaman Sang Yudistira (2).txt	2013
313	AUG, 18 2013-Ngiring Mabaos Ngangg.txt	2013
384	AUG, 18 2013-Rauhnyan.txt	2013
168	AUG, 18 2013-Tato.txt	2013
421	AUG, 18 2013-Waged Masatua, Juara Menganyam.txt	2013
252	AUG, 25 2013-Cenk blonk Ngram.txt	2013
434	AUG, 25 2013-Dupa Dipa Niyasa Akasa Lan Sakti Tattwa.txt	2013
655	AUG, 25 2013-I Kaki Dengkil_mahardika.txt	2013
448	AUG, 25 2013-Juara I Lomba Wayang Kulit Sajebag Bali.txt	2013
562	AUG, 25 2013-Keutaman Sang Yudistira (3).txt	2013
469	AUG, 25 2013-Langkah Publikasi Mangda Tumbuh Semangat ring Pusaka lan Citra Bangsa.txt	2013
137	AUG, 25 2013-M.txt	2013
379	AUG, 25 2013-Mesti W.txt	2013
409	AUG, 25 2013-Pura Taman Ayun.txt	2013
357	AUG, 25 2013-Sampunan Terus Kaadol.txt	2013
1072	AUG, 25 2013-Suryan.txt	2013
496	AUG, 4 2013-Meled Masolah Kantos Lingsir.txt	2013
489	AUG, 4 2013-Ngasilang Perenang Nasional.txt	2013
531	AUG, 4 2013-Nguratiang Kesejahteraan Véteran.txt	2013
780	AUG, 4 2013-Sor Singgih Basa Bali.txt	2013
368	FEB, 17 2013-Bali ring Tengahing Ancaman Krisis Toya.txt	2013
621	FEB, 17 2013-Pageh ring Tengahing Panglimbak Teknologi lan Modernisasi.txt	2013
776	FEB, 17 2013-Tembang, Satmaka Tutur Palinderan Urip.txt	2013
395	FEB, 24 2013-Filosofis Daksina pinaka Sarana Upakara.txt	2013
514	FEB, 24 2013-Suksmaning Sekar sajeroning Banten.txt	2013
705	FEB, 3 2013-Nyelehin Nilai Poleng.txt	2013
561	FEB, 3 2013-Surat Mabasa Bali.txt	2013
607	FEB, 3 2013-Tradisi Sané Mentradisi ring Manusa Tradisional lan Modérn.txt	2013
455	FEB, 3 2013-Unteng Magama ring Kali Yuga.txt	2013
634	FEB, 3 2013-Walapa.txt	2013
151	JAN, 13 2013-Lontar.txt	2013
315	JAN, 13 2013-Nagingin sané Puyung Manados Maisi.txt	2013
471	JAN, 13 2013-PASUPATI, NGURIPANG SIMBOL SUCI.txt	2013
592	JAN, 13 2013-Patut Kapikayunin Perubahan Kurikulum Pendidikan 2013.txt	2013
646	JAN, 20 2013-Air tanah Dalam Sayan Kirang, Bali Krisis Air.txt	2013
351	JAN, 20 2013-Meled Manados Polwan sané Wikan Magending.txt	2013
419	JAN, 6 2013-Yadnya Pinih Alit Ngawi Keharmonisan.txt	2013
593	JUL, 14 2013-Ng.txt	2013
334	JUL, 14 2013-Pengelola Katureksa.txt	2013
154	JUL, 21 2013-Dadi Luh.txt	2013
1458	JUL, 21 2013-Dadong Dengkot.txt	2013
435	JUL, 21 2013-Ngeret Indria Melarapan Api Takep.txt	2013
765	JUL, 28 2013-I Kaki Dengkil_arthaka.txt	2013
466	JUL, 28 2013-Numbuhang Rasa Seneng ring Seni.txt	2013
493	JUL, 28 2013-Skala Prioritas.txt	2013
1345	JUL, 28 2013-Tegakan Anyar.txt	2013
430	JUL, 28 2013-Widang Pertanian Muatang Action Strategis.txt	2013
466	JUL, 7 2013-Ajerih Siswa Majeng Basa Indon.txt	2013
469	JUL, 7 2013-Nglestariang Tanaman Obat Tradisional.txt	2013
307	JUL, 7 2013-Tradisional Vs Modérn.txt	2013
527	JUN, 16 2013-Para Krama Mapangapti Makasami Kawaliang Sakadi Jatimula.txt	2013
585	JUN, 2 2013-Bendéga ring Bali Sayan Méweh.txt	2013
436	JUN, 2 2013-Bisnis Raab Ambengan, Katah Karereh Pelaku Pariwisata.txt	2013
982	JUN, 2 2013-Titah.txt	2013
455	JUN, 23 2013-Kantunké Guru patut Digugu lan Ditiru.txt	2013
525	JUN, 23 2013-Mulat Sarira.txt	2013
551	JUN, 23 2013-Pendidikan Karakter Majalaran antuk Gerakan Pramuka.txt	2013
520	JUN, 23 2013-Perajin Bidé Kantun Ajeg.txt	2013
268	JUN, 23 2013-Pujawali ring Pura Kahyangan Jagat Kancing Gumi.txt	2013
468	JUN, 23 2013-Tamba Tradisional, Tetamian Budaya Bali.txt	2013
520	JUN, 30 2013-Nyuukang Krama Mawali Nresnain Lontar Bali.txt	2013
676	JUN, 9 2013-I Kaki Dengkil_Guna.txt	2013
529	JUN, 9 2013-Kearifan Lokal Lisan Jenius Bali.txt	2013
447	JUN, 9 2013-Sekar pinaka Niyasa Panglebur Mala.txt	2013
537	JUN, 9 2013-Sukses Molihang Tiga Medali Porjar.txt	2013
839	MAR, 17 2013-I Kaki Dengkil Nyepi.txt	2013
450	MAR, 17 2013-Luh Putu Sri Armini Nambakin Komersialisasi Pendidikan.txt	2013
670	MAR, 17 2013-Panyangran Rahinan Nyepi Makalarapan Ngupapira Tuntunan Karakter.txt	2013
318	MAR, 24 2013-Ida Bhatara Turun Kabéh ring Pura Agung Besakih.txt	2013
452	MAR, 24 2013-Krama Bali Kirang Sayaga Masanding Sareng Pendatang.txt	2013
884	MAR, 24 2013-Ngulati Rajeg Bali.txt	2013
1296	MAR, 24 2013-Ogoh-ogoh.txt	2013
577	MAR, 24 2013-Suksman Buah (Pinang), Basé lan Pamor sajeroning Porosan.txt	2013
203	MAR, 3 2013-Kawéntenan Tatit ring Bali.txt	2013
707	MAR, 3 2013-Napi Awinan, Ogoh-Ogoh Kaplaspas.txt	2013
133	MAR, 3 2013-Tudékamatra.txt	2013
685	MAR, 31 2013-I Kaki Dengkil Maidihan.txt	2013
361	MAR, 31 2013-Ngawit April, Tarif Listrik Katincapang.txt	2013
160	MAR, 31 2013-Nyesel Padidi.txt	2013
416	MEI, 12 2013-Katattwaning Tebu Pinaka Pirantin Banten.txt	2013
281	MEI, 12 2013-Mangku Regig Lewih Ngutamayang Kualitas.txt	2013
396	MEI, 12 2013-Meled Meneliti Kasus Perceraian.txt	2013
585	MEI, 12 2013-Mulatsarira Nyanggra Pilgub Bali Ngulati Bali Santi-Jagathita.txt	2013
540	MEI, 12 2013-Pantaraning Sakral lan Propan Mesti Kabinayang.txt	2013
318	MEI, 12 2013-Perédaran Obat Ilégal Sayan Ngakéhang.txt	2013
533	MEI, 19 2013-Patutné Madué Rasa Bangga ring Kebudayaan Bali.txt	2013
1414	MEI, 26 2013-Cenidra Djelantik Santha.txt	2013
515	MEI, 26 2013-Éksisténsi Undagi Kulkul Antuk Kaajegan.txt	2013
311	MEI, 26 2013-Kasus Séks Yowanané Nincap.txt	2013
430	MEI, 26 2013-Nénten Seneng Politik, Milihin Independen.txt	2013
333	MEI, 5 2013-Ajeg Bali Macihna saking Makudang-kudang “Latar Belakang Keilmuan”.txt	2013
662	MEI, 5 2013-I Kaki Dengkil_Nayaka.txt	2013
1131	MEI, 5 2013-KALULUT ARTA BERANA.txt	2013
443	MEI, 5 2013-Konsép Ngayah Tetujon Ngayah Boya Pamerih.txt	2013
354	MEI, 5 2013-Suksman Sarwa Praniné Dados Lakar Banten.txt	2013
573	SEP, 15 2013-Bhakti ring Leluhur.txt	2013
645	SEP, 15 2013-I Kaki Dengkil_wanita.txt	2013
642	SEP, 15 2013-Pemulung.txt	2013
468	SEP, 8 2013-Nginutin Ideologi Hindu lan Kabudayaan Bali.txt	2013
520	SEP, 8 2013-Rahina Ping Kalih.txt	2013
429	SEP, 8 2013-Sampunang Kimud Maparilaksana lan Mabudaya Bali.txt	2013
732	SEP, 8 2013-Yadnya Ngertiang Samudra Danu miwah Tukad.txt	2013
